ID,SMILES,Filtered cholestatic Jaundice_IC50,Filtered Hepatic Failure_IC50,Filtered Hepatic necrosi_IC50,Filtered Hepatiti_IC50,Filtered HepatoCellular injury_IC50,Filtered Hepatotoxicity_IC50,Filtered Hyperbilirubinemia_IC50,Filtered Jaundice_IC50,Filtered Liver Injury_IC50
0,CC#CC(=O)N1CCC[C@H]1c1nc(-c2ccc(C(=O)Nc3ccccn3)cc2)c2c(N)nccn12,1.2207775140640411,,,0.6679355454062603,,0.7046694717981803,0.5927927741048994,0.6679355454062603,
1,C/C([O-])=N/c1nnc(S(N)(=O)=O)s1,-0.3541004655739104,0.0056994674621615,-0.3541004655739104,,,,,,
2,COc1cc(C)c(/C=C/C(C)=C/C=C/C(C)=C/C(=O)O)c(C)c1C,0.8148280432311283,1.0056994674621615,,0.9689655410702416,0.8148280432311283,1.1948527654328618,1.1948527654328618,,
3,O=c1[nH]cnc2[nH]ncc12,-0.6442484535414367,,-0.6442484535414367,,,,-0.2643532028164965,,
4,CC1(C)S[C@@H]2[C@H](NC(=O)[C@H](N)c3ccc(O)cc3)C(=O)N2[C@H]1C(=O)O,1.0547215507945822,,,,,1.5136115280572746,,,
5,CC(C)c1c(C(=O)Nc2ccccc2)c(-c2ccccc2)c(-c2ccc(F)cc2)n1CC[C@@H](O)C[C@@H](O)CC(=O)[O-],0.659691629826971,0.483062831905014,,0.483062831905014,,,,0.2819901478894737,0.6748932755042283
6,CC[C@H]1OC(=O)[C@H](C)[C@@H](O[C@H]2C[C@@](C)(OC)[C@@H](O)[C@H](C)O2)[C@H](C)[C@@H](O[C@@H]2O[C@H](C)C[C@H](N(C)C)[C@H]2O)[C@](C)(O)C[C@@H](C)CN(C)[C@H](C)[C@@H](O)[C@]1(C)O,2.085660362099252,1.909031564177295,0.1108044478060974,-0.3128171854390612,,,,1.707958880161755,
7,O=C([O-])CCNC(=O)c1ccc(/N=N/c2ccc(O)c(C(=O)[O-])c2)cc1,-2.12870578725204,2.0851228232329766,2.755971608752508,,-2.065286811249584,-2.2822684892868006,,-2.065286811249584,
8,CC(C(=O)O)c1ccc2oc(-c3ccc(Cl)cc3)nc2c1,-0.0317957742439838,-0.6474766141001026,0.2788503540328451,-0.391998431486686,0.1875634901566805,,,-0.3035009088280698,-0.2001679878874717
9,C=C(c1ccc(C(=O)O)cc1)c1cc2c(cc1C)C(C)(C)CCC2(C)C,2.4453254804756788,,,,,,,,
10,NC(=O)N1c2ccccc2C=Cc2ccccc21,-0.2047017476840279,-0.4220167375038282,,-0.1902255478578837,-0.5150492070236191,,,,
11,O=C(O)c1cn(C2CC2)c2cc(N3CCNCC3)c(F)cc2c1=O,-0.824490505972422,0.0602311952317714,-0.4265504973003843,-0.4912555435218649,,,0.4885934858206618,-0.6493702030352592,
12,Cc1nc2c([nH]1)-c1ccccc1N(C(=O)c1ccc(NC(=O)c3ccccc3-c3ccccc3)cc1)CC2,0.7952982523159721,0.7485698056367784,,1.1539116174245452,,0.7805225272089708,,,
13,C#C[C@]1(O)CC[C@H]2[C@@H]3CCC4=Cc5oncc5C[C@]4(C)[C@H]3CC[C@@]21C,2.2724195070356346,,,,,,,0.1442954848116974,0.1442954848116974
14,CN1C(=O)CN=C(c2ccccc2)c2cc(Cl)ccc21,1.6983882393079155,,1.4938296796257615,,,,,1.4628370622533362,
15,O=C([O-])Cc1ccccc1Nc1c(Cl)cccc1Cl,0.6983882393079156,0.5973462941920316,0.8908623551488832,0.9526897882927032,0.4306651143337782,1.7639574351044114,0.1202250394723691,0.3745112823624103,1.8775570620843745
16,CNCC[C@H](Oc1cccc2ccccc12)c1cccs1,0.7952982523159721,0.667174230092035,,0.8735085422450785,0.2942346876973831,0.4836003707712898,,0.8556998217388563,0.557884990033405
17,C[C@H](N[C@@H](CCc1ccccc1)C(=O)O)C(=O)N1CCC[C@H]1C(=O)O,2.175509494027578,,,1.7377601952467747,,,,,
18,C[C@]12CC[C@@H]3c4ccc(O)cc4CC[C@H]3[C@@H]1CC[C@@H]2O,2.2495725457541105,,,,1.600621337203474,,,0.0599832474717191,
19,CCc1cccc2c3c([nH]c12)C(CC)(CC(=O)O)OCC3,-0.4493974585819084,-0.3022738574536561,-0.479716957136695,1.542235493483735,1.5426293902257875,,-0.0804251078372997,1.465800956025518,
20,N=C(CCSCc1csc(N=C(N)N)n1)NS(N)(=O)=O,0.5765270664203931,2.550602541418092,2.219253047199324,1.26345142460329,2.746749372881712,,,,
21,CCC(=O)N(c1ccccc1)C1CCN(CCc2ccccc2)CC1,1.8775570620843745,,,,,,,-0.5233386169987495,
22,CNCCC(Oc1ccc(C(F)(F)F)cc1)c1ccccc1,1.1785870577483557,0.701465803028693,0.6171930558713614,0.6372444940465242,0.7329282563911367,,0.6840370374865198,0.6016001196095504,
23,CC(C)n1c(/C=C/[C@@H](O)C[C@@H](O)CC(=O)[O-])c(-c2ccc(F)cc2)c2ccccc21,0.5765270664203931,0.6610420520320621,0.6171930558713614,0.6610420520320621,,,0.4846681215022699,0.4766613830012504,0.4766613830012504
24,Cc1cnc(C(=O)NCCc2ccc(S(=O)(=O)NC(=O)NC3CCCCC3)cc2)cn1,1.8432153311973616,,,,,,,,
25,COc1ccc(Cl)cc1C(=O)NCCc1ccc(S(=O)(=O)NC(=O)NC2CCCCC2)cc1,1.5421853355333803,,,,,,,,
26,CC(C)Cc1ccc(C(C)C(=O)O)cc1,1.5952646833613644,-0.763506037864657,-0.5588982031843198,-0.3545318799586196,,-0.0047136971359307,,-0.6877062546910511,
27,CC(CCc1ccccc1)NCC(O)c1ccc(O)c(C(N)=O)c1,-0.5296740532469356,,,,,,,1.7669761720495345,
28,NCCCC[C@H](N[C@@H](CCc1ccccc1)C(=O)O)C(=O)N1CCC[C@H]1C(=O)O,1.373415933745008,1.5970608283888998,1.520283042863305,1.4086418410043733,,,1.6925049870205549,,
29,CC[C@H](C)C(=O)O[C@H]1C[C@@H](C)C=C2C=C[C@H](C)[C@H](CC[C@@H]3C[C@@H](O)CC(=O)O3)[C@H]21,0.4703259467530644,1.0806084510621754,,0.8827173093932786,,,,,0.552806572215081
30,Cc1nnc(C(C)C)n1[C@H]1C[C@@H]2CC[C@H](C1)N2CC[C@H](NC(=O)C1CCC(F)(F)CC1)c1ccccc1,-0.2578682075203386,2.371564706539054,,-0.2805734107534123,-0.4616284226954188,2.2688423056280667,0.4306651143337782,,-0.3222546911766191
31,CN1CCCC(CN2c3ccccc3Sc3ccccc32)C1,-0.2578682075203386,,,,,,,-0.0314018775019314,
32,S=c1[nH]cnc2nc[nH]c12,2.219253047199324,,1.8121095024387612,,2.3165228276882246,2.0256793617529865,1.931884835640881,2.0477793685456933,
33,C[C@@H](O)[C@H]1C(=O)N2C(C(=O)O)=C(S[C@@H]3CN[C@H](C(=O)N(C)C)C3)[C@H](C)[C@H]12,1.6171930558713614,,,,,,1.7277648529849563,1.8436593858897683,
34,Nc1ccc(O)c(C(=O)O)c1,-1.3828069441286386,-1.1176132286706288,-1.1878904975612383,-1.0836218621942282,,0.0256793617529863,-0.9930186725756271,-0.8553106184462501,-1.1461634321209375
35,CCCCCOc1ccc(-c2cc(-c3ccc(C(=O)N[C@H]4C[C@@H](O)[C@@H](O)NC(=O)[C@@H]5[C@@H](O)[C@@H](C)CN5C(=O)[C@H]([C@H](O)CC(N)=O)NC(=O)[C@H]([C@H](O)[C@@H](O)c5ccc(O)c(OS(=O)(=O)[O-])c5)NC(=O)[C@@H]5C[C@@H](O)CN5C(=O)[C@H]([C@@H](C)O)NC4=O)cc3)no2)cc1,0.3441917838076238,1.6782667886734464,,0.4392568830861093,0.4530674778367779,0.548558107033324,0.4209695693332186,1.804647743356504,0.4558965592070245
36,COc1c(N2C[C@@H]3CCCN[C@@H]3C2)c(F)cc2c(=O)c(C(=O)O)cn(C3CC3)c12,0.0956800882788034,-0.0207032156625723,,-0.2286440575829544,,,1.8783858178306847,1.8331247907710968,
37,COc1c(C)c2c(c(O)c1C/C=C(\C)CCC(=O)OCCN1CCOCC1)C(=O)OC2,-0.9488950917058288,,,-1.325554070591011,-0.7983929978909716,,-0.7394619564801159,-0.8658452135649223,
38,COc1ccc2cc(CCC(C)=O)ccc2c1,-0.7728038326501474,,,,,,,,
39,CCn1cc(C(=O)O)c(=O)c2cc(F)c(N3CCNCC3)cc21,-0.4486323549963075,,-0.7873314078070708,-0.2722351470150437,,,,-0.3828069441286386,
40,O=C(c1cc(Cc2n[nH]c(=O)c3ccccc23)ccc1F)N1CCN(C(=O)C2CC2)CC1,-0.1320245610155487,,,,,,,-0.0817769484646573,
41,COc1ccnc(/C=S(\[O-])c2nc3cc(OC(F)F)ccc3[nH]2)c1OC,0.2659154476564889,0.7946500926148222,,0.6939708413969563,0.0782135619475225,,,0.9182230515353428,
42,CC(C)(S)[C@H](N)C(=O)O,-0.8309945653515676,2.6977400796067657,,-0.7196732199985912,,,,,
43,CCc1ccc(CCOc2ccc(CC3SC(=O)NC3=O)cc2)nc1,0.81682291653707,1.044527565831422,,0.9281442618900464,0.9040985496620632,,,,
44,O=C([O-])C[C@H](O)C[C@H](O)/C=C/c1c(C2CC2)nc2ccccc2c1-c1ccc(F)cc1,2.470035430312413,2.095680088278804,,1.979296784337428,,,1.918223051535343,1.909019515446818,2.069989814347243
45,CC[C@@H]([C@H](C)O)n1ncn(-c2ccc(N3CCN(c4ccc(OC[C@@H]5CO[C@@](Cn6cncn6)(c6ccc(F)cc6F)C5)cc4)CC3)cc2)c1=O,0.1690054346484324,0.3967100839427847,0.1704861406945331,-0.3217332113265536,-0.3457789235545367,0.1382268874221281,0.0431617881436425,-0.2800337592697734,0.0511049082941713
46,CC[C@H](C)C(=O)O[C@H]1C[C@H](O)C=C2C=C[C@H](C)[C@H](CC[C@@H](O)C[C@@H](O)CC(=O)[O-])[C@H]21,1.1690054346484324,0.7946500926148222,0.8679754389844513,1.0593267064538077,,,0.6079895197828368,0.6045351887950303,0.8248504097684851
47,CC(C)C[C@H](CN)CC(=O)O,-0.0070858244072487,-0.1246059050746323,,-0.1883188908987415,0.0801898087177444,,-0.3084644287670883,-0.2705260745966697,
48,CC(CN1c2ccccc2Sc2ccccc21)N(C)C,0.7744045455488179,,,,,,,0.8086551714509551,
49,CCCc1cc(=O)[nH]c(=S)[nH]1,-0.4808679595544883,,,0.1127111047652396,,,,,
50,CCOC(=O)[C@H](CCc1ccccc1)N[C@@H](C)C(=O)N1[C@H](C(=O)O)C[C@@H]2CCC[C@@H]21,2.1723445542208557,2.115758579184873,,2.288802363820921,,,,1.2065951801229928,
51,CN/C(=C/[N+](=O)[O-])NCCSCc1ccc(CN(C)C)o1,-0.0037467048348258,0.6030125841426194,0.2939441712567324,0.1127111047652396,0.2232942790582034,0.1382268874221281,,0.0605026786989565,
52,CC(C)c1nc(CN(C)C(=O)N[C@H](C(=O)N[C@@H](Cc2ccccc2)C[C@H](O)[C@H](Cc2ccccc2)NC(=O)OCc2cncs2)C(C)C)cs1,-0.304776700498807,-0.4071314403724196,,-0.5588982031843198,-0.1596513039521126,2.314318146477809,,0.1117339758676369,
53,O=C(O)c1cc(/N=N/c2ccc(S(=O)(=O)Nc3ccccn3)cc2)ccc1O,-1.1286854414431258,-1.0299228979049202,-1.1320245610155488,-1.1461634321209375,-0.7534724918220228,-0.8553106184462501,,-1.1852714164791085,
54,C=CC[C@@H]1/C=C(\C)C[C@H](C)C[C@H](OC)[C@H]2O[C@@](O)(C(=O)C(=O)N3CCCC[C@H]3C(=O)O[C@H](/C(C)=C/[C@H]3CC[C@@H](O)[C@@H](OC)C3)[C@H](C)[C@@H](O)CC1=O)[C@H](C)C[C@@H]2OC,2.2410469041300107,1.0950158387033797,1.2395865089341398,1.9787753044873624,2.1496174951699207,2.445719377217731,1.9827495981990888,1.2977772416355595,
55,CC[C@H]1OC(=O)[C@H](C)C(=O)[C@H](C)[C@@H](O[C@@H]2O[C@H](C)C[C@H](N(C)C)[C@H]2O)[C@](C)(OC)C[C@@H](C)C(=O)[C@H](C)[C@@H]2N(CCCCn3cnc(-c4cccnc4)c3)C(=O)O[C@@]21C,-0.3610130871979516,-0.3309528935689013,-0.4330545566795299,-0.447193427784919,-0.054502487486004,,,-0.3748638239781098,-0.4297154371071069
56,C[C@]12CC[C@H]3[C@@H](CCC4=CC(=O)CC[C@@]43C)[C@@H]1CC[C@@H]2O,1.6570367205201812,,,,,,,,
57,Clc1ccccc1CN1CCc2sccc2C1,0.0372479622317873,,,0.4759406868159607,,,,,
58,CCS(=O)(=O)CCn1c([N+](=O)[O-])cnc1C,-0.8658420247601563,,,-0.625795320357995,,,-0.4324502067262836,-0.0913292393182565,
59,Clc1ccc2nsnc2c1NC1=NCCN1,0.8788854701365377,,,0.941814990346583,1.2922849987386522,1.190446872114425,,1.015834592655755,
60,COc1cccc([C@]2(O)CCCC[C@H]2CN(C)C)c1,-0.1668720204241374,0.1166818908955796,,0.0608828481557328,0.2465275081779771,,0.0699898143472427,,
61,C[C@@H](c1ncncc1F)[C@](O)(Cn1cncn1)c1ccc(F)cc1F,-0.0419332838158375,-0.0056051183611481,0.144445508695679,0.0305039210673114,1.6462729933858684,-0.0459505532364054,0.0950158387033797,0.0153988792759046,1.394193303837212
62,O=C1Cc2cc(CCN3CCN(c4nsc5ccccc45)CC3)c(Cl)cc2N1,1.8563648123311665,,,0.2132932470875481,,,0.3165228276882249,1.9287529228814912,
63,CCN1CCN(Cc2ccc(Nc3ncc(F)c(-c4cc(F)c5nc(C)n(C(C)C)c5c4)n3)nc2)CC1,,0.403639476134199,,,,0.403639476134199,,,0.403639476134199
64,CC(=O)O[C@H]1CC[C@@]2(C)C(=CC[C@H]3[C@@H]4CC=C(c5cccnc5)[C@@]4(C)CC[C@@H]32)C1,,-0.2953305282018197,,,,-0.2953305282018197,1.14563474276268,-0.4072072258951005,-0.2953305282018197
65,CC(C)(C)C(=O)OCOP(=O)(COCCn1cnc2c(N)ncnc21)OCOC(=O)C(C)(C)C,,1.227548217078518,1.7002510191068947,1.513798047567147,,,1.115671519385237,1.809968903272764,
66,COc1ccc2cccc(CCNC(C)=O)c2c1,,1.3067294631261426,,1.1158580388951096,,0.8938227697688806,,1.4120288946007264,
67,[O-]c1ncnc2[nH]ncc12,,-0.7082372215590818,,,,,,,
68,Cc1nnc2n1-c1ccc(Cl)cc1C(c1ccccc1)=NC2,,1.5667182883784647,,1.7356467971835037,,,,1.922099768723251,
69,COC(c1ccccc1)(c1ccccc1)[C@H](Oc1nc(C)cc(C)n1)C(=O)O,,1.513798047567147,,1.513798047567147,,1.5927927741048995,,,1.1794512483977742
70,C[C@@H]1OC(=O)C[C@H](O)C[C@H](O)CC[C@@H](O)[C@H](O)C[C@H](O)C[C@]2(O)C[C@H](O)[C@@H](C(=O)O)[C@H](C[C@@H](O[C@@H]3O[C@H](C)[C@@H](O)[C@H](N)[C@@H]3O)/C=C/C=C/C=C/C=C/C=C/C=C/C=C/[C@H](C)[C@@H](O)[C@H]1C)O2,,2.2231297643872323,,0.0,2.809774452142116,1.814641523721256,0.0,1.6871828145609389,
71,CCCCCOc1ccc(-c2ccc(-c3ccc(C(=O)N[C@H]4C[C@@H](O)[C@@H](O)NC(=O)[C@@H]5[C@@H](O)[C@@H](C)CN5C(=O)[C@H]([C@@H](C)O)NC(=O)[C@H]([C@H](O)[C@@H](O)c5ccc(O)cc5)NC(=O)[C@@H]5C[C@@H](O)CN5C(=O)[C@H]([C@@H](C)O)NC4=O)cc3)cc2)cc1,,2.001281014770876,0.8097744521421163,2.001281014770876,0.508744456478135,0.2917627784409182,1.984642509864896,,
72,COc1ccc(-n2nc(C(N)=O)c3c2C(=O)N(c2ccc(N4CCCCC4=O)cc2)CC3)cc1,,1.6871828145609389,,1.0851228232329764,,1.2917627784409182,,1.1886079151809572,1.3825825185369331
73,CC1CNc2c(cccc2S(=O)(=O)N[C@@H](CCCNC(=N)N)C(=O)N2CC[C@@H](C)C[C@@H]2C(=O)O)C1,,-0.3128171854390612,,,,,,-0.6610178899924027,
74,O=C1CCc2ccc(OCCCCN3CCN(c4cccc(Cl)c4Cl)CC3)cc2N1,,0.9090315641772952,,0.9090315641772952,,,2.382582518536933,0.7079588801617549,1.1008620077765094
75,O1[As]2O[As]1O2,,1.909031564177295,,,,1.4167015150492182,1.507521255145233,,
76,Cn1cc(-c2cc3c(N4CCN(c5ncc([C@@](C)(N)c6ccc(F)cc6)cn5)CC4)ncnn3c2)cn1,,-0.2159071724310048,,,,,0.0815525228729519,,
77,CC(C)COCC(CN(Cc1ccccc1)c1ccccc1)N1CCCC1,,-0.1124220804830238,,-0.0082454112467178,0.4885934858206618,,,,
78,Cn1cnc2c(F)c(Nc3ccc(Br)cc3F)c(C(=O)NOCCO)cc21,,0.7998320121125282,,,,1.0147230316309166,,,
79,COc1ccccc1Oc1c(NS(=O)(=O)c2ccc(C(C)(C)C)cc2)nc(-c2ncccn2)nc1OCCO,,0.1800432538241342,,0.0709358348009069,,,2.206491259481252,0.8688047275322679,
80,CCCCNc1cc(C(=O)O)cc(S(N)(=O)=O)c1Oc1ccccc1,,2.100862007776509,,1.021717812130725,,,,,
81,CO[C@]12CC[C@@]3(C[C@@H]1[C@](C)(O)C(C)(C)C)[C@H]1Cc4ccc(O)c5c4[C@@]3(CCN1CC1CC1)[C@H]2O5,,1.373863279840247,1.852881621760564,1.2647558608170195,,,,1.7615947578843991,
82,N[C@@H](C(=O)N[C@@H]1C(=O)N2C(C(=O)O)=C(Cl)CS[C@H]12)c1ccccc1,,-0.5981079965595094,,-0.1902255478578837,,,,,
83,C=CC1=C(C(=O)O)N2C(=O)[C@@H](NC(=O)/C(=N\O)c3csc(N)n3)[C@H]2SC1,,-0.2001679878874717,,1.6636464164638782,,,1.8195867048620864,-0.1264914577549215,
84,CO/N=C(\C(=O)N[C@@H]1C(=O)N2C(C(=O)O)=C(C[N+]3(C)CCCC3)CS[C@H]12)c1csc(N)n1,,-0.3353152551236569,,,-0.7368979566399755,,-0.3353152551236569,-0.6493702030352592,
85,CO[C@@]1(NC(=O)CSCC#N)C(=O)N2C(C(=O)[O-])=C(CSc3nnnn3C)CS[C@@H]21,,-0.5450583869114736,,,,,,,
86,Cc1ccc(-c2cc(C(F)(F)F)nn2-c2ccc(S(N)(=O)=O)cc2)cc1,,0.0602311952317714,,0.2077144608141539,,,,0.0495998013007596,
87,Nc1nc(Cl)nc2c1ncn2[C@@H]1C[C@H](O)[C@@H](CO)O1,,1.7521722702838904,,1.5677747318682866,,,1.5677747318682866,,1.963321182223715
88,CN1C(=O)CC(=O)N(c2ccccc2)c2cc(Cl)ccc21,,1.0495998013007597,,,,,,,
89,COC(=O)[C@H](c1ccccc1Cl)N1CCc2sccc2C1,,0.776598529237022,,0.5333347484616499,,,,0.8712942127479598,
90,CN1CCN(C2=Nc3cc(Cl)ccc3Nc3ccccc32)CC1,,-0.3025827168106028,-0.4036399680212333,-0.1857908915103123,,-0.2706299952384105,,-0.2078870332996649,-0.3025827168106028
91,C[C@@H](Oc1cc(-c2cnn(C3CCNCC3)c2)cnc1N)c1c(Cl)ccc(F)c1Cl,,0.2537197839566844,,0.5798803496968263,,0.2856725055288767,0.226717591226927,,0.3484154674676222
92,O=P1(N(CCCl)CCCl)NCCCO1,,1.9526897882927032,0.7806470490763178,1.9526897882927032,,,,1.047385471803641,
93,C/C=C/C[C@@H](C)[C@@H](O)[C@H]1C(=O)N[C@@H](CC)C(=O)N(C)CC(=O)N(C)[C@@H](CC(C)C)C(=O)N[C@@H](C(C)C)C(=O)N(C)[C@@H](CC(C)C)C(=O)N[C@@H](C)C(=O)N[C@H](C)C(=O)N(C)[C@@H](CC(C)C)C(=O)N(C)[C@@H](CC(C)C)C(=O)N(C)[C@@H](C(C)C)C(=O)N1C,,1.651659792628722,,,,1.507521255145233,2.3580316000804697,1.7463554761396598,
94,COC(=O)NC(C(=O)N1CCC[C@H]1c1ncc(-c2ccc(-c3ccc(-c4cnc([C@@H]5CCCN5C(=O)C(NC(=O)OC)C(C)C)[nH]4)cc3)cc2)[nH]1)C(C)C,,0.8735085422450785,,,,0.6907245930893009,1.278850354032845,,
95,COc1cc2ncnc(Nc3ccc(F)c(Cl)c3)c2cc1NC(=O)/C=C/CN1CCCCC1,,0.9984472788533784,,,,0.8156633296976008,1.403789090641145,,1.0931429623643163
96,COc1c(-c2ccc3cc([N-]S(C)(=O)=O)ccc3c2)cc(-n2ccc(=O)[nH]c2=O)cc1C(C)(C)C,,0.2537197839566844,,,,,,,
97,O=C(O)c1ccc(-n2nc(-c3ccccc3O)nc2-c2ccccc2O)cc1,,1.4755685335730409,,1.651659792628722,0.9026301152735317,1.879013258160153,1.0495998013007597,1.5734495026996156,
98,Cc1c(O)c(=O)ccn1C,,0.776598529237022,,0.776598529237022,,,,2.161807066589355,
99,C[C@@H]1C[C@H]2[C@@H]3CCC4=CC(=O)C=C[C@]4(C)[C@@]3(F)[C@@H](O)C[C@]2(C)[C@@]1(O)C(=O)CO,,-0.1934382473855348,,,,,,,
100,O=C(O)Cc1ccccc1Nc1c(Cl)cccc1Cl,,1.819195043808388,2.1927996839617805,2.17453853790906,,2.100862007776509,,2.161807066589355,
101,C[C@@H]1CCO[C@H]2Cn3cc(C(=O)NCc4ccc(F)cc4F)c(=O)c([O-])c3C(=O)N21,,0.2963162985280504,0.5202830428633051,0.9526897882927032,0.6067563733894594,0.8097744521421163,0.2963162985280504,0.7806470490763178,1.0256793617529865
102,Cn1c(Cn2ccc(C(F)(F)F)c(Oc3cc(Cl)cc(C#N)c3)c2=O)n[nH]c1=O,,0.7463554761396598,0.5202830428633051,0.6516597926287221,2.3057263777254784,,,,
103,CCCCc1oc2ccc(NS(C)(=O)=O)cc2c1C(=O)c1ccc(OCCCN(CCCC)CCCC)cc1,,-0.1567345108522837,,-0.2514301943632215,-0.5660502470715654,,,-0.2692389148694435,
104,O=C1Nc2ccc(Cl)cc2[C@@](C#CC2CC2)(C(F)(F)F)O1,,-0.0317957742439838,,-0.1264914577549215,,0.1875634901566805,-0.1167351933741424,-0.1443001782611436,
105,OC[C@H]1O[C@@H](c2ccc(Cl)c(Cc3ccc(O[C@H]4CCOC4)cc3)c2)[C@H](O)[C@@H](O)[C@@H]1O,,1.3484154674676223,,1.2537197839566845,,1.5677747318682866,1.2997861338743064,1.3437039317832111,1.6699209386814429
106,COC(=O)N[C@@H](C)CNc1nccc(-c2cn(C(C)C)nc2-c2cc(Cl)cc(NS(C)(=O)=O)c2F)n1,,0.2692342214199973,,,,,,,
107,CC[C@H](C)[C@H](NC(=O)[C@H](CC(C)C)NC(=O)[C@H](CO)NC(=O)[C@H](Cc1c[nH]cn1)NC(=O)[C@@H](NC(=O)[C@H](CC(C)C)NC(=O)[C@H](CO)NC(=O)[C@@H](NC(=O)[C@H](Cc1ccc(O)cc1)NC(C)=O)[C@@H](C)O)[C@@H](C)CC)C(=O)N[C@@H](CCC(=O)O)C(=O)N[C@@H](CCC(=O)O)C(=O)N[C@@H](CO)C(=O)N[C@@H](CCC(N)=O)C(=O)N[C@@H](CC(N)=O)C(=O)N[C@@H](CCC(N)=O)C(=O)N[C@@H](CCC(N)=O)C(=O)N[C@@H](CCC(=O)O)C(=O)N[C@@H](CCCCN)C(=O)N[C@@H](CC(N)=O)C(=O)N[C@@H](CCC(=O)O)C(=O)N[C@@H](CCC(N)=O)C(=O)N[C@@H](CCC(=O)O)C(=O)N[C@@H](CC(C)C)C(=O)N[C@@H](CC(C)C)C(=O)N[C@@H](CCC(=O)O)C(=O)N[C@@H](CC(C)C)C(=O)N[C@@H](CC(=O)O)C(=O)N[C@@H](CCCCN)C(=O)N[C@@H](Cc1c[nH]c2ccccc12)C(=O)N[C@@H](C)C(=O)N[C@@H](CO)C(=O)N[C@@H](CC(C)C)C(=O)N[C@@H](Cc1c[nH]c2ccccc12)C(=O)N[C@@H](CC(N)=O)C(=O)N[C@@H](Cc1c[nH]c2ccccc12)C(=O)N[C@@H](Cc1ccccc1)C(N)=O,,0.792112966700335,,0.792112966700335,,1.0114722311009994,,,
108,CNC(=O)c1ccc(N2C(=S)N(c3ccc(C#N)c(C(F)(F)F)c3)C(=O)C2(C)C)cc1F,,0.542235493483735,,,,,,,
109,C#Cc1cccc(Nc2ncnc3cc(OCCOC)c(OCCOC)cc23)c1,,0.5702642170839786,,,,0.789623481484643,0.5216348834906627,,
110,CC(=O)O[C@H]1Cc2ccccc2N(C(N)=O)c2ccccc21,,-0.332825769907965,,-0.332825769907965,,,,,-0.875521135110112
111,COc1ccc2[n-]c([S@@](=O)Cc3ncc(C)c(OC)c3C)nc2c1,,1.1442954848116975,,1.1442954848116975,,,1.0956661512183816,1.0319545238714756,
112,COc1ccc2[n-]c(S(=O)Cc3ncc(C)c(OC)c3C)nc2c1,,1.1442954848116975,0.8904601426676046,1.1442954848116975,0.7677283613573452,0.7248756829534712,1.0956661512183816,0.9182230515353428,
113,Cc1cc(C#N)cc(C)c1Oc1nc(Nc2ccc(C#N)cc2)nc(N)c1Br,,0.5734495026996156,,0.4453254804756786,,0.4028088502826084,,0.3688909430174616,0.0787213743292128
114,CCOC(=O)/C=C(C)/C=C/C=C(C)/C=C/c1c(C)cc(OC)c(C)c1C,,2.175509494027578,,1.8432654891477165,,,,,
115,CO[C@H]1C[C@@H]2CC[C@@H](C)[C@@](O)(O2)C(=O)C(=O)N2CCCC[C@H]2C(=O)O[C@H]([C@H](C)C[C@@H]2CC[C@@H](OCCO)[C@H](OC)C2)CC(=O)[C@H](C)/C=C(\C)[C@@H](O)[C@@H](OC)C(=O)[C@H](C)C[C@H](C)/C=C/C=C/C=C/1C,,1.5506025414180915,,1.7463554761396598,,2.5798803496968263,,,
116,C=C1C[C@@H]2[C@H](CC[C@]3(C)C(=O)CC[C@@H]23)[C@@]2(C)C=CC(=O)C=C12,,1.152662532746054,,,,,,,
117,CC(C)(C(=O)O)c1ccc(C(O)CCCN2CCC(C(O)(c3ccccc3)c3ccccc3)CC2)cc1,,-0.0056999593491957,,0.4004358073647118,-0.0556407244927706,0.977820358368864,0.1414236417790566,0.3005701239455692,0.3005701239455692
118,CCCCCCCCc1ccc(CCC(N)(CO)CO)cc1,,1.081677044740299,1.1223430341912677,1.0174557357581302,0.9987282627476356,1.264351177887696,,0.9818113613211564,
119,CC(C(=O)O)c1ccc(-c2ccccc2)c(F)c1,,0.0024957986926741,0.0431617881436425,-0.0617255102894946,,,,-0.0973698847264684,
120,C[C@]12CC[C@@H]3c4ccc(O)cc4C[C@@H](CCCCCCCCCS(=O)CCCC(F)(F)C(F)(F)F)[C@H]3[C@@H]1CC[C@@H]2O,,-0.0543030025636524,,0.3437039317832113,,,,,
121,Nc1nc([O-])c2ncn(COC(CO)CO)c2n1,,-0.7354773142644134,,1.7416439404552488,,,,,
122,COc1cc2ncnc(Nc3ccc(F)c(Cl)c3)c2cc1OCCCN1CCOCC1,,0.3437039317832113,,0.3267093574169676,,-0.1016237101439871,,,
123,CCC1=C(C)CN(C(=O)NCCc2ccc(S(=O)(=O)NC(=O)N[C@H]3CC[C@H](C)CC3)cc2)C1=O,,1.8385539534633053,,1.8215593790970617,,,,1.4766613830012505,
124,CN1CC[C@]23c4c5ccc(O)c4O[C@H]2C(=O)CC[C@H]3[C@H]1C5,,0.9354639664713618,,,,,,0.6133237409729301,
125,C=CC(=O)N1CCC[C@@H](n2nc(-c3ccc(Oc4ccccc4)cc3)c3c(N)ncnc32)C1,,-0.0065440865509514,,,,-0.45187172847815,0.0046253349522723,,
126,CC[C@H](Nc1ncnc2[nH]cnc12)c1nc2cccc(F)c2c(=O)n1-c1ccccc1,,0.5655526813995677,,,0.5624308648846934,0.1202250394723691,0.5396505940017761,,
127,COc1ccc2c(c1)c(CC(=O)O)c(C)n2C(=O)c1ccc(Cl)cc1,,2.0844845242779613,2.043161788143643,2.0844845242779613,,,,1.7929423805193376,
128,CCC(C)n1ncn(-c2ccc(N3CCN(c4ccc(OCC5COC(Cn6cncn6)(c6ccc(Cl)cc6Cl)O5)cc4)CC3)cc2)c1=O,,0.2605757833336427,,0.0678609473534804,0.271107097759061,-0.0047136971359307,0.1136818617294949,-0.3319963560889623,-0.2223086213347683
129,CC(=O)N1CCN(c2ccc(OC[C@H]3CO[C@](Cn4ccnc4)(c4ccc(Cl)cc4Cl)O3)cc2)CC1,,-0.5175754670500009,-0.5588982031843198,-0.4092603073661819,-0.5866611120520577,-0.7828649475195744,,-0.8000734966636284,-0.4724248726581654
130,CC(C(=O)O)c1cccc(C(=O)c2ccccc2)c1,,0.5616057789976239,,0.4938296796257616,0.492520133995567,0.2963162985280504,0.4406139447912678,0.2791077493839964,
131,Nc1ccn([C@@H]2CS[C@H](CO)O2)c(=O)n1,,0.5616057789976239,,0.6699209386814429,,0.1202250394723691,0.7246493660890052,0.5970608283889,
132,Nc1nnc(-c2cccc(Cl)c2Cl)c(N)n1,,-0.1373642253383949,0.2192530471993238,-0.3983998803904496,,-0.4818349518555932,-0.1085703395298257,,
133,Cc1oncc1C(=O)Nc1ccc(C(F)(F)F)cc1,,1.3688909430174616,1.2192530471993237,1.0787213743292128,,0.9952863028640692,,1.3555070725503473,1.445719377217731
134,Nc1cccc2c1CN(C1CCC(=O)NC1=O)C2=O,,1.2719809300094052,,0.9818113613211564,1.0945801253235294,1.055754353200837,1.319332892519655,1.2319301468590007,1.3488093642096746
135,CC[C@@H](C(N)=O)N1CCCC1=O,,-0.8026753253106732,,-0.7963398890624872,-1.0070858244072487,,,,
136,C[N+](C)(C)C[C@H](O)CC(=O)[O-],,-0.9071281936728148,,,,,,,
137,C[C@H]1COc2c(N3CCN(C)CC3)c(F)cc3c(=O)c(C(=O)O)cn1c23,,-0.3094330077473027,-0.1786869614727138,-0.0922136309465593,,-0.4213669015188251,-0.4835862720351263,0.0442135250676549,
138,CCCCCCCCCCCCCCCC(=O)N[C@@H](CCC(=O)NCCCC[C@H](NC(=O)[C@H](C)NC(=O)[C@H](C)NC(=O)[C@H](CCC(N)=O)NC(=O)CNC(=O)[C@H](CCC(=O)O)NC(=O)[C@@H](CC(C)C)NC(=O)[C@H](Cc1ccc(O)cc1)NC(=O)[C@H](CO)NC(=O)[C@H](CO)NC(=O)[C@@H](NC(=O)[C@H](CC(=O)O)NC(=O)[C@H](CO)NC(=O)[C@@H](NC(=O)[C@H](Cc1ccccc1)NC(=O)[C@@H](NC(=O)CNC(=O)[C@H](CCC(=O)O)NC(=O)[C@H](C)NC(=O)[C@@H](N)Cc1cnc[nH]1)[C@@H](C)O)[C@@H](C)O)C(C)C)C(=O)N[C@@H](CCC(=O)O)C(=O)N[C@@H](Cc1ccccc1)C(=O)N[C@H](C(=O)N[C@@H](C)C(=O)N[C@@H](Cc1c[nH]c2ccccc12)C(=O)N[C@@H](CC(C)C)C(=O)N[C@H](C(=O)N[C@@H](CCCNC(=N)N)C(=O)NCC(=O)N[C@@H](CCCNC(=N)N)C(=O)NCC(=O)O)C(C)C)[C@@H](C)CC)C(=O)O,,1.6625382686524537,,3.0584145089203467,,,1.9143537366369112,2.266062274684012,2.26962811816205
139,CCOC(=O)N1CCC(=C2c3ccc(Cl)cc3CCc3cccnc32)CC1,,1.682668442390138,1.520283042863305,1.1822120104991842,1.4700354303124137,1.5871270244784634,,1.7079795823705968,
140,Cc1cnc(NC(=O)C2=C(O)c3ccccc3S(=O)(=O)N2C)s1,,1.4052655166097088,,1.6153481421417906,,1.468575742716685,1.6067563733894594,1.4052655166097088,1.4558965592070243
141,C[C@]12C[C@@H]3C[C@](C)(C1)C[C@@](N)(C3)C2,,1.1341987443231707,,1.314318146477809,,,1.0046963820614971,0.8032055252817464,
142,Cc1cc(C)cc(OCC2CNC(=O)O2)c1,,1.979296784337428,,,,,,1.98777236815694,
143,CN(C)c1ccc(O)c2c1C[C@H]1C[C@H]3[C@H](N(C)C)C(O)=C(C(N)=O)C(=O)[C@@]3(O)C(O)=C1C2=O,,2.58135677566539,,2.373415933745008,,2.724649366089005,,2.61127604115474,2.49811749111387
144,O[C@H](CNC[C@@H](O)[C@H]1CCc2cc(F)ccc2O1)[C@@H]1CCc2cc(F)ccc2O1,,1.0431617881436426,,,,,1.260538043519884,1.310246045490759,
145,Cc1ccnc2c1NC(=O)c1cccnc1N2C1CC1,,0.2192530471993238,-0.0909804845531821,-0.2286440575829544,,0.1644309325339119,0.1446893815537498,0.0092160498267778,
146,Cc1cn(-c2cc(NC(=O)c3ccc(C)c(Nc4nccc(-c5cccnc5)n4)c3)cc(C(F)(F)F)c2)cn1,,-0.3828069441286386,,0.0287948486489374,,-0.5761543127105101,-0.0314018775019314,0.0092160498267778,-0.1061014447084384
147,O=C1CCCC(=O)C1C(=O)c1ccc(C(F)(F)F)cc1[N+](=O)[O-],,2.219253047199324,,,,,,,
148,CN/C(=C/[N+](=O)[O-])NCCSCc1csc(CN(C)C)n1,,0.0431617881436425,,0.1537335852572374,-0.0037467048348258,,,-0.0804529832999891,
149,CC[C@@H]1[C@@H]2C[C@H](O)CC[C@]2(C)[C@H]2CC[C@@]3(C)[C@@H](CC[C@@H]3[C@H](C)CCC(=O)O)[C@@H]2[C@@H]1O,,1.520283042863305,,,,,1.520283042863305,0.8213130385272862,
150,COc1ccc2[nH]c(S(=O)Cc3ncc(C)c(OC)c3C)nc2c1,,0.8538365678790621,1.191490138331586,0.8638861850575908,,,0.9182230515353428,1.2192530471993237,
151,Cc1nccn1CC1CCc2c(c3ccccc3n2C)C1=O,,1.575108428769032,,1.863886185057591,,,,,
152,CCCCCCCCCCC[C@@H](C[C@@H]1OC(=O)[C@H]1CCCCCC)OC(=O)[C@H](CC(C)C)NC=O,,0.4284439297393491,,0.3867649303379284,0.3560067248562001,0.4434729109244872,,0.4411017968156802,
153,NC(=O)N1c2ccccc2CC(=O)c2ccccc21,,-1.041979258015758,-0.92575360971597,-0.7831504133227062,-0.9665594896479066,-0.9495461273778278,,-1.0360194579039823,
154,C[C@]12C/C(=C\O)C(=O)C[C@@H]1CC[C@@H]1[C@@H]2CC[C@@]2(C)[C@H]1CC[C@]2(C)O,,0.998770075270747,,,,,,,
155,Cc1ccc(Nc2nccc(N(C)c3ccc4c(C)n(C)nc4c3)n2)cc1S(N)(=O)=O,,-0.2053499073851777,-0.4315738506334292,-0.2898477149521906,-0.3748728326484047,-0.2963336136024841,-0.3828069441286386,-0.3828069441286386,-0.2310401813167384
156,N=C1NC(=O)C(c2ccccc2)O1,,1.9195888292231225,,,,,,,
157,Cc1ccc(C(=O)Nc2ccc(CN3CCN(C)CC3)c(C(F)(F)F)c2)cc1C#Cc1cnc2cccnn12,,1.044527565831422,0.994394881638852,,,0.962135628366447,,1.0220221615306424,1.0188372918998614
158,CCCN[C@H]1CCc2nc(N)sc2C1,,1.9987700752707471,,2.0477793685456933,,,,2.020996236394208,1.8292561586778149
159,CN[C@@H](C)[C@@H](O)c1ccccc1,,0.5566353323009549,,,,,,,
160,CC(C)(C)c1cc(NC(=O)Nc2ccc(-c3cn4c(n3)sc3cc(OCCN5CCOCC5)ccc34)cc2)no1,,0.8753940949253677,,,0.9222642833942224,,0.6777453088233809,,
161,Cc1nnc(C(=O)NC(C)(C)c2nc(C(=O)NCc3ccc(F)cc3)c([O-])c(=O)n2C)o1,,0.0514853539810489,,-0.0122276318430603,,,0.2718207041600359,-0.0944348155409885,1.8394015729685624
162,CNC(=O)c1cc(Oc2ccc(NC(=O)Nc3ccc(Cl)c(C(F)(F)F)c3)c(F)c2)ccn1,,0.6644598062817728,0.2659154476564889,,0.2836940648688297,0.4112281594858658,0.278297638194563,0.3102032600956045,-0.0453776490454485
163,CO[C@H]1/C=C/O[C@@]2(C)Oc3c(C)c(O)c4c(O)c(c5c(nc6cc(C)ccn65)c4c3C2=O)NC(=O)/C(C)=C\C=C\[C@H](C)[C@H](O)[C@@H](C)[C@@H](O)[C@@H](C)[C@H](OC(C)=O)[C@@H]1C,,2.567549793273717,,,,,,2.5888552305873,
164,Cc1nc2n(c(=O)c1CCN1CCC(c3noc4cc(F)ccc34)CC1)CCCC2,,1.6644598062817728,,0.8213130385272862,1.202818544089292,,2.111733975867637,1.1909152219152617,
165,O=C(NC[C@H]1CN(c2ccc(N3CCOCC3=O)cc2)C(=O)O1)c1ccc(Cl)s1,,2.391444133710228,0.9929141755927512,1.520283042863305,1.3174699507675498,0.8783858178306848,1.5888552305872994,1.5888552305872994,1.645004477607489
166,CS(=O)(=O)c1ccc(C2=C(c3ccccc3)C(=O)OC2)cc1,,1.2945341207021714,0.7710654259763948,0.8213130385272862,,1.9685981224980689,,1.491945217579243,
167,CC(C)c1nc(N(C)S(C)(=O)=O)nc(-c2ccc(F)cc2)c1/C=C/[C@@H](O)C[C@@H](O)CC(=O)[O-],,1.0904141380462469,,0.9182230515353428,,,1.287825234923318,1.287825234923318,1.0195067720873792
168,CN(C)C[C@@H]1CCn2cc(c3ccccc32)C2=C(C(=O)NC2=O)c2cn(c3ccccc23)CCO1,,1.187324151054303,,,,,,1.3847352479313746,
169,CC(C)N(CCCCOCC(=O)NS(C)(=O)=O)c1cnc(-c2ccccc2)c(-c2ccccc2)n1,,-0.6319828892328825,,,,,-0.3142347564046442,,
170,COc1ccc2c(O[C@@H]3C[C@H]4C(=O)N[C@]5(C(=O)[N-]S(=O)(=O)C6CC6)C[C@H]5/C=C\CCCCN(C)C(=O)[C@@H]4C3)cc(-c3nc(C(C)C)cs3)nc2c1C,,0.396045834367361,,,,,0.7137939671955993,0.7137939671955993,
171,CCC(C)(C)C(=O)O[C@H]1C[C@@H](C)C=C2C=C[C@H](C)[C@H](CC[C@@H]3C[C@@H](O)CC(=O)O3)[C@H]21,,0.9700771020950798,,1.3673121165838062,,,,0.986795239259337,
172,CO[C@H]1C[C@@H]2CC[C@@H](C)[C@@](O)(O2)C(=O)C(=O)N2CCCC[C@H]2C(=O)O[C@H]([C@H](C)C[C@@H]2CC[C@@H](O)[C@H](OC)C2)CC(=O)[C@H](C)/C=C(\C)[C@@H](O)[C@@H](OC)C(=O)[C@H](C)C[C@H](C)/C=C/C=C/C=C/1C,,2.271107097759061,1.771065425976395,1.9693721079117683,,2.445719377217731,,,
173,Cc1cn([C@H]2C=C[C@@H](CO)O2)c(=O)[nH]c1=O,,2.271107097759061,,1.066282120919825,,,,1.287825234923318,
174,N#Cc1c(N(CC(=O)[O-])CC(=O)[O-])sc(C(=O)[O-])c1CC(=O)[O-],,-0.728892902240939,-0.8309945653515676,-0.7899504888892008,,-0.554280622782269,,,-0.8276554457791446
175,CCN(CC)CCNC(=O)c1c(C)[nH]c(/C=C2\C(=O)Nc3ccc(F)cc32)c1C,,0.6970758300313422,,0.5808352958153246,,0.8716881094900122,,,
176,Nc1c2c(nc3ccccc13)CCCC2,,0.6690471064310987,0.4700354303124136,0.4558965592070245,1.2465275081779772,1.1446893815537498,1.111733975867637,0.6531648996221338,
177,Cc1cn([C@@H]2C[C@@H](O)[C@H](CO)O2)c(=O)[nH]c1=O,,-0.2060141569606014,,-0.3222546911766191,,,,,-0.304776700498807
178,CN1CCC(COc2cnc(-c3cccc(Cn4nc(-c5cccc(C#N)c5)ccc4=O)c3)nc2)CC1,,-0.0810754203523014,,,,,,,
179,COc1cc2c(cc1OC)[C@@H]1CC(=O)[C@@H](CC(C)C)CN1CC2,,0.5721370934230423,,,,,,,
180,S=P(N1CC1)(N1CC1)N1CC1,,2.271107097759061,,,,,,2.9086707606817432,
181,CN(C)c1cc(NC(=O)CNC(C)(C)C)c(O)c2c1C[C@H]1C[C@H]3[C@H](N(C)C)C(O)=C(C(N)=O)C(=O)[C@@]3(O)C(O)=C1C2=O,,0.8731670890870235,,,,,1.381163834526263,1.2097007563457245,0.7744045455488179
182,CCC[C@@]1(CCc2ccccc2)CC(O)=C([C@H](CC)c2cccc(NS(=O)(=O)c3ccc(C(F)(F)F)cn3)c2)C(=O)O1,,-0.1268329109129766,,-0.2008525132221486,,0.0477793685456934,-0.0269201986608136,-0.3583878890676817,
183,Cc1ccccc1C(=O)Nc1ccc(C(=O)N2CCCC(O)c3cc(Cl)ccc32)c(C)c1,,0.0643144486537676,,0.5438749816745454,0.7694062534583147,0.6675681268340874,,0.4929558473754173,0.3941933038372117
184,CC1(C)O[C@@H]2CO[C@@]3(COS(N)(=O)=O)OC(C)(C)O[C@H]3[C@@H]2O1,,-0.4061968543847579,,-0.7172684022279109,1.450647490833902,,,,
185,CC(=O)O[C@]1(C(C)=O)CC[C@H]2[C@@H]3CCC4=CC(=O)CCC4=C3[C@@H](c3ccc(N(C)C)cc3)C[C@@]21C,,1.5938031456152422,1.4700354303124137,,1.8485874995059397,2.0477793685456933,,1.7935501296595482,1.4733745498848363
186,CCCC(CCC)C(=O)O,,0.6933648859748707,,2.2065951801229926,,0.9685981224980686,,,
187,COc1ccc(C(CN(C)C)C2(O)CCCCC2)cc1,,0.1193336182471518,0.1178529122010512,-0.0664060919407449,0.1514229717057742,,-0.0018941743046765,0.1403376158842045,
188,C=CC(N)CCC(=O)O,,-1.306635114025129,0.2939441712567324,-1.2705260745966698,,-1.0314018775019314,,-1.2856311163880767,-1.3047767004988071
189,Cc1c(C)c2c(c(C)c1O)CC[C@@](C)(CCC[C@H](C)CCC[C@H](C)CCCC(C)C)O2,,1.0735761276864768,,,,,,,
190,COc1cc(C(=O)NS(=O)(=O)c2ccccc2C)ccc1Cc1cn(C)c2ccc(NC(=O)OC3CCCC3)cc12,,1.170486140694533,0.7260687499005156,1.2065951801229928,,,1.4269104010964475,0.5894301470036234,1.1723445542208557
191,CC(=O)N[C@@H]1[C@@H](NC(=N)N)C=C(C(=O)O)O[C@H]1[C@H](O)[C@H](O)CO,,-0.3066351140251293,,-0.2405273169650247,-0.3644073581141704,,-0.0502108536232149,,-0.304776700498807
192,CC(=O)[O-],,1.771065425976395,,,,,,1.7935501296595482,
193,NS(=O)(=O)Cc1noc2ccccc12,,-0.3750626097018432,,,-0.2852261120665456,,,,
194,CCCCc1oc2ccccc2c1C(=O)c1cc(I)c(OCCN(CC)CC)c(I)c1,,,-0.0933155348498273,1.3200397773952888,-0.0933155348498273,-0.3102972128870442,,-0.516937168094986,
195,O=C(O)COCCN1CCN(C(c2ccccc2)c2ccc(Cl)cc2)CC1,,,1.8744794983635968,1.809774452142116,,,,1.3506297969647407,
196,CN(C)CCCC1(c2ccc(F)cc2)OCc2cc(C#N)ccc21,,,0.7724512910344479,1.0626247535483806,0.6016001196095504,,1.0626247535483806,0.681721636044629,
197,Clc1ccc2c(c1)CCc1cccnc1C2=C1CCNCC1,,,1.7806470490763178,1.9526897882927032,1.6807813656571753,,,1.9399583169729984,
198,CCNC(C)Cc1cccc(C(F)(F)F)c1,,,0.7421317924796614,,,,,,
199,Nc1nc(=O)[nH]cc1F,,,0.3441917838076238,,,,,0.2036601109375127,0.2036601109375127
200,CCN(CC)C(=O)[C@]1(c2ccccc2)C[C@@H]1CN,,,0.2100495111107991,0.3734159337450079,0.3227494307267738,,,,
201,COc1ccc2cc([C@H](C)C(=O)[O-])ccc2c1,,,-0.6650117522809009,,,,,-0.4301166440034848,
202,O=C1CN(/N=C/c2ccc([N+](=O)[O-])o2)C(=O)N1,,,0.8121095024387615,0.9318848356408812,,,1.0477793685456935,0.6976982670836546,
203,CN1Cc2c(N)cccc2C(c2ccccc2)C1,,,0.5143232427515293,0.6308548399768998,0.1428814711721252,,,0.5202830428633051,
204,CC1COc2c(N3CCN(C)CC3)c(F)cc3c(=O)c(C(=O)O)cn1c23,,,-0.4105698529963765,-0.2722351470150437,,,-0.3828069441286386,-0.0817769484646573,
205,Fc1ccc([C@@H]2CCNC[C@H]2COc2ccc3c(c2)OCO3)cc1,,,0.5964548729668143,0.9374886371697096,,0.9077863690534408,0.7421317924796614,0.645221779471605,
206,COc1cc(NS(=O)(=O)c2ccc(N)cc2)nc(OC)n1,,,-1.228934574023605,-1.2430734451289942,,,,-1.0975151895261148,
207,CCOC(N)=O,,,-1.0070858244072487,,,,,,
208,CCCSc1ccc2[nH]c(NC(=O)OC)nc2c1,,,,-0.3892919394247964,,,,,
209,Cc1[nH]cnc1CN1CCc2c(c3ccccc3n2C)C1=O,,,,2.212768051903166,,2.5927927741048995,,,
210,CC1(C)S[C@@H]2[C@H](/N=C/N3CCCCCC3)C(=O)N2[C@H]1C(=O)O,,,,0.7356467971835035,,,,,
211,O=C(O)CCCCCCNC1c2ccccc2CCc2ccccc21,,,,0.2231297643872323,,,,,
212,Nc1ccc(C(=O)O)c(O)c1,,,,-0.9018089722210676,,,,-1.2159071724310049,
213,Clc1ccc2c(c1)C(N1CCNCC1)=Nc1ccccc1O2,,,,0.0981910277789323,,,,,
214,O=C1CN2Cc3c(ccc(Cl)c3Cl)N=C2N1,,,,2.3992210234429137,,,,2.188607915180957,
215,CC(C)(C#N)c1cc(Cn2cncn2)cc(C(C)(C)C#N)c1,,,,2.700251019106895,,,,,
216,NC(=O)C[S@@](=O)C(c1ccccc1)c1ccccc1,,,,-0.0117871897750799,,,,,
217,COc1ccc(CCN2CCC(Nc3nc4ccccc4n3Cc3ccc(F)cc3)CC2)cc1,,,,1.3861528188969576,,,1.3825825185369331,,
218,O=C1C(O)=C([C@H]2CC[C@H](c3ccc(Cl)cc3)CC2)C(=O)c2ccccc21,,,,-0.4889084444947424,,,,,
219,CCCC1C(=O)N2C(N(C)C)=Nc3ccc(C)cc3N2C1=O,,,,-0.6930284271506673,,,,,
220,C[C@H]1[C@H](NC(=O)/C(=N\OC(C)(C)C(=O)O)c2csc(N)n2)C(=O)N1S(=O)(=O)O,,,,-1.090968435822705,,,,-0.6673468025775462,
221,O=C(Cn1ccnc1[N+](=O)[O-])NCc1ccccc1,,,,1.7248294469599763,,,,,
222,CC(O)(CS(=O)(=O)c1ccc(F)cc1)C(=O)Nc1ccc(C#N)c(C(F)(F)F)c1,,,,0.2927845844172633,,,,0.789623481484643,0.8790132581601531
223,COc1cc(Nc2c(C#N)cnc3cc(OCCCN4CCN(C)CC4)c(OC)cc23)c(Cl)cc1Cl,,,,-0.309275406910699,0.2788503540328451,-0.0310344589297584,-0.0945387361827293,,-0.2001679878874717
224,CC(NC(C)(C)C)C(=O)c1cccc(Cl)c1,,,,-0.1124220804830238,0.4037890906411451,-0.3621279955488067,,0.3636547492123618,-0.376259246943153
225,C[C@H]1CO[C@@H]2Cn3cc(C(=O)NCc4ccc(F)cc4F)c(=O)c([O-])c3C(=O)N12,,,,0.7998320121125282,-0.0514574499098708,1.0366767928474847,-0.5641078769843463,,0.8841399361760902
226,CC(C)C[C@H](NC(=O)[C@H](CCCCN)NC(=O)CNC(=O)[C@H](CC(C)C)NC(=O)[C@@H](NC(=O)[C@@H]1CSSC[C@H](N)C(=O)N[C@@H](CO)C(=O)N[C@@H](CC(N)=O)C(=O)N[C@@H](CC(C)C)C(=O)N[C@@H](CO)C(=O)N[C@@H]([C@@H](C)O)C(=O)N1)C(C)C)C(=O)N[C@@H](CO)C(=O)N[C@@H](CCC(N)=O)C(=O)N[C@@H](CCC(=O)O)C(=O)N[C@@H](CC(C)C)C(=O)N[C@@H](Cc1cnc[nH]1)C(=O)N[C@@H](CCCCN)C(=O)N[C@@H](CC(C)C)C(=O)N[C@@H](CCC(N)=O)C(=O)N[C@H](C(=O)N[C@@H](Cc1ccc(O)cc1)C(=O)N1CCC[C@H]1C(=O)N[C@@H](CCCNC(=N)N)C(=O)N[C@H](C(=O)N[C@@H](CC(N)=O)C(=O)N[C@H](C(=O)NCC(=O)N[C@@H](CO)C(=O)NCC(=O)N[C@H](C(=O)N1CCC[C@H]1C(N)=O)[C@@H](C)O)[C@@H](C)O)[C@@H](C)O)[C@@H](C)O,,,,0.2114329286006937,,,,,
227,O=C(Nc1ccc(C(=O)[O-])c(O)c1)c1ccccc1,,,,-1.6478650960418475,,,,,
228,Nc1ccc(C(=O)[O-])c(O)c1,,,,-1.991011124174264,,,,-1.6558082161923762,
229,CCOc1nc2cccc(C(=O)OC(C)OC(=O)OC3CCCCC3)c2n1Cc1ccc(-c2ccccc2-c2nnn[nH]2)cc1,,,,1.2819901478894735,,,,,
230,C=C(C)[C@@H]1CCC(C)=C[C@H]1c1c(O)cc(CCCCC)cc1O,,,,1.1850801348814173,1.2495725457541105,,,,
231,CNC(=O)c1ccc(-c2cnc3ncc(Cc4ccc5ncccc5c4)n3n2)cc1F,,,,-0.4169798564465451,,-0.0882619437608152,,,
232,CN(C)C(=O)N[C@H]1CC[C@H](CCN2CCN(c3cccc(Cl)c3Cl)CC2)CC1,,,,1.7305932060944913,,,1.8865334944926997,,
233,CC(C)(C)NCC(O)COc1cccc2c1CCC(=O)N2,,,,1.809774452142116,,,,1.651659792628722,
234,C=CC1=C(C(=O)O)N2C(=O)[C@@H](NC(=O)/C(=N\OCC(=O)O)c3csc(N)n3)[C@H]2SC1,,,,0.2077144608141539,,-0.2159071724310048,0.3636547492123618,0.0495998013007596,
235,NCc1ccccc1CC(=O)N[C@@H]1C(=O)N2C(C(=O)O)=C(CSc3nnnn3CC(=O)O)CS[C@H]12,,,,-0.7922855391858462,,,,,
236,Nc1nc(/C(=C/CC(=O)O)C(=O)N[C@@H]2C(=O)N3C(C(=O)O)=CCS[C@H]23)cs1,,,,0.0316232017584726,,,,,
237,Cc1cc(Nc2ncc(Cl)c(Nc3ccccc3S(=O)(=O)C(C)C)n2)c(OC(C)C)cc1C1CCNCC1,,,,-0.0652868112495837,-0.1504118973026948,-0.4889084444947424,0.0906534771486241,-0.223401470762978,-0.2127700768319662
238,COCc1c(C(C)C)nc(C(C)C)c(/C=C/[C@@H](O)C[C@@H](O)CC(=O)[O-])c1-c1ccc(F)cc1,,,,1.9066844651501729,,,,,
239,CN(C)CCCN1c2ccccc2Sc2ccc(Cl)cc21,,,,2.3326531974224536,,,,2.17453853790906,
240,COc1cc(N)c(Cl)cc1C(=O)N[C@H]1CCN(CCCOc2ccc(F)cc2)C[C@H]1OC,,,,1.195606335449804,,,,0.7485698056367784,
241,CC[C@H]1OC(=O)[C@H](C)[C@@H](O[C@H]2C[C@@](C)(OC)[C@@H](O)[C@H](C)O2)[C@H](C)[C@@H](O[C@@H]2O[C@H](C)C[C@H](N(C)C)[C@H]2O)[C@](C)(OC)C[C@@H](C)C(=O)[C@H](C)[C@@H](O)[C@]1(C)O,,,,2.4885934858206618,,,0.2667447362043055,,
242,CC(C)/N=c1\cc2n(-c3ccc(Cl)cc3)c3ccccc3nc-2cc1Nc1ccc(Cl)cc1,,,,0.4083960118533498,,,,0.5848116230365725,
243,CN(C)CCCN1c2ccccc2CCc2ccc(Cl)cc21,,,,0.1073660161893686,,0.2856725055288767,,0.3484154674676222,0.2537197839566844
244,Clc1cccc(Cl)c1NC1=NCCN1,,,,0.6923926682185507,,,,,
245,Clc1ccccc1C(c1ccccc1)(c1ccccc1)n1ccnc1,,,,1.709426007517331,,,,2.047385471803641,
246,CN(C)CCC=C1c2ccccc2C=Cc2ccccc21,,,,1.1851699318400717,,,,1.2692342214199974,
247,O=C1CN(/N=C/c2ccc(-c3ccc([N+](=O)[O-])cc3)o2)C([O-])=N1,,,,2.04959980130076,,,,,
248,CC(C)CN(C[C@@H](O)[C@H](Cc1ccccc1)NC(=O)O[C@H]1CO[C@H]2OCC[C@@H]12)S(=O)(=O)c1ccc(N)cc1,,,,-0.1264914577549215,-0.6994298760544309,-0.2001679878874717,-0.4275214534189028,-0.2047017476840279,
249,Cc1nc(Nc2ncc(C(=O)Nc3c(C)cccc3Cl)s2)cc(N2CCN(CCO)CC2)n1,,,,0.505531756950484,,0.1977720207845658,0.505531756950484,,
250,CNCCCN1c2ccccc2CCc2ccccc21,,,,0.3506297969647408,,,,0.3378983256450362,
251,Cc1c(OCC(F)(F)F)ccnc1C[S@@](=O)c1nc2ccccc2[nH]1,,,,0.8735085422450785,,,,,
252,O=c1[nH]cnc2c1ncn2[C@H]1CC[C@@H](CO)O1,,,,0.1745385379090596,,,,,
253,COc1ccc([C@@H]2Sc3ccccc3N(CCN(C)C)C(=O)[C@@H]2OC(C)=O)cc1,,,,0.0953572918614347,0.0504538726221721,,-0.3849249388475368,,0.0775485713552127
254,COC(=O)/C=C/C(=O)OC,,,,0.271448550917116,,,,,-0.1326831303422632
255,O=C1c2ccccc2C(=O)C1C(=O)C(c1ccccc1)c1ccccc1,,,,1.1745385379090596,,,,,
256,CN(CCOc1ccc(NS(C)(=O)=O)cc1)CCc1ccc(NS(C)(=O)=O)cc1,,,,-0.0473102117072967,-0.0922136309465593,,,,0.0256793617529863
257,COc1cc2c(cc1OC)C(=O)C(CC1CCN(Cc3ccccc3)CC1)C2,,,,1.651659792628722,,,1.2963162985280503,1.635431467480771,
258,C[C@@H](O)[C@H]1C(=O)N2C(C(=O)O)=C(S[C@@H]3CN[C@H](CNS(N)(=O)=O)C3)[C@H](C)[C@H]12,,,,1.7485698056367784,1.5944878526382875,,-0.4026537058079684,-0.0588464860101975,
259,COc1ccc(C(=O)Nc2ccccc2CCC2CCCCN2C)cc1,,,,0.48532479795382,,,0.3966961468823628,0.5655526813995677,
260,CCN(CC)C(=O)/C(C#N)=C/c1cc(O)c(O)c([N+](=O)[O-])c1,,,,1.7463554761396598,,,,,
261,C=C1[C@@H](n2cnc3c(=O)[nH]c(N)nc32)C[C@H](O)[C@H]1CO,,,,2.047385471803641,,,,,
262,CCOC(=O)CCC(=O)O[C@H]1[C@H](O[C@@H]2[C@@H](C)[C@H](O[C@H]3C[C@@](C)(OC)[C@@H](O)[C@H](C)O3)[C@@H](C)C(=O)O[C@H](CC)[C@@](C)(O)[C@H](O)[C@@H](C)C(=O)[C@H](C)C[C@@]2(C)O)O[C@H](C)C[C@@H]1N(C)C,,,,1.8432654891477165,,,,1.8385539534633053,
263,CN1CCN(C(=O)O[C@H]2c3nccnc3C(=O)N2c2ccc(Cl)cn2)CC1,,,,2.4453254804756788,2.445719377217731,,,,
264,O=C1[C@H](CC[C@H](O)c2ccc(F)cc2)[C@@H](c2ccc(O)cc2)N1c1ccc(F)cc1,,,,1.7463554761396598,,,,,
265,CCOC(=O)Nc1ccc(NCc2ccc(F)cc2)cc1N,,,,2.2692342214199974,,,2.2206048878266818,1.902630115273532,
266,Cc1nc(-c2ccc(OCC(C)C)c(C#N)c2)sc1C(=O)O,,,,0.3984637414249497,0.6675681268340874,,,-0.0973698847264684,-0.0973698847264684
267,NC(=O)OCC(COC(N)=O)c1ccccc1,,,,-0.6818230024036904,,,,,
268,CC(C)OC(=O)C(C)(C)Oc1ccc(C(=O)c2ccc(Cl)cc2)cc1,,,,0.3973582436439344,-0.2585778724074266,0.5798803496968263,0.2206048878266815,,
269,CC(C)(Oc1ccc(C(=O)c2ccc(Cl)cc2)cc1)C(=O)O,,,,0.6177390222390793,,,,,
270,CC(C(=O)[O-])c1cccc(Oc2ccccc2)c1,,,,-0.5651916613469075,,,,-0.8243686126627308,
271,OC(Cn1cncn1)(Cn1cncn1)c1ccc(F)cc1F,,,,1.5123057574382242,,,,,
272,C[C@@H]1C[C@H]2[C@@H]3C[C@H](F)C4=CC(=O)C=C[C@]4(C)[C@@]3(F)[C@@H](O)C[C@]2(C)[C@@]1(OC(=O)c1ccco1)C(=O)SCF,,,,0.4153957444301677,,,,,
273,CC(C)CN(C[C@@H](OP(=O)([O-])[O-])[C@H](Cc1ccccc1)NC(=O)O[C@H]1CCOC1)S(=O)(=O)c1ccc(N)cc1,,,,1.0870107843043433,,,,,
274,CCC(=O)O[C@@H](O[P@@](=O)(CCCCc1ccccc1)CC(=O)N1C[C@H](C2CCCCC2)C[C@H]1C(=O)[O-])C(C)C,,,,1.0317910807945376,,,,,
275,O=C1NC(c2ccccc2)(c2ccccc2)C(=O)N1COP(=O)([O-])[O-],,,,1.5546698260748752,,,,,
276,CC(OC(=O)NCC1(CC(=O)O)CCCCC1)OC(=O)C(C)C,,,,-0.3375373055923759,,,,,
277,Nc1nc2c(ncn2COC(CO)CO)c(=O)[nH]1,,,,1.7416439404552488,-0.2614778760596253,,,1.379751369993194,
278,COc1c(N2CCNC(C)C2)c(F)cc2c(=O)c(C(=O)O)cn(C3CC3)c12,,,,0.1395839491272865,,-0.305743692799912,,,
279,COC1=C(OC)C(=O)C(CCCCCCCCCCO)=C(C)C1=O,,,,1.8795513260747485,,,,,
280,CCCCC1=NC2(CCCC2)C(=O)N1Cc1ccc(-c2ccccc2-c2nnn[nH]2)cc1,,,,0.0844845242779614,,-0.180804956191612,,-0.2070576194806623,
281,CC1=C(/C=C/C(C)=C/C=C/C(C)=C\C(=O)O)C(C)(C)CCC1,,,,2.669920938681442,,2.2963162985280503,,,
282,COC[C@@H](NC(C)=O)C(=O)NCc1ccccc1,,,,-0.1082303117022007,,-0.4818349518555932,,-0.1810904219947437,1.5275751273418343
283,Cc1c(OCC(F)(F)F)ccnc1CS(=O)c1nc2ccccc2[nH]1,,,,0.6016001196095504,,0.3420737890887255,0.8122484144225495,0.9045171920064944,1.129635118669797
284,Oc1ccc2c(c1)CC[C@H](c1ccccc1)[C@@H]2c1ccc(OCCN2CCCC2)cc1,,,,1.6807813656571753,,,,1.9575670638783096,1.6067563733894594
285,O=C(O)COCCN1CCN([C@H](c2ccccc2)c2ccc(Cl)cc2)CC1,,,,1.379751369993194,,1.754724357536856,,2.0442135250676547,
286,C#C[C@]1(O)CC[C@H]2[C@@H]3CCC4=CC(=O)CC[C@@H]4[C@H]3CC[C@@]21CC,,,,1.6061168379257165,,,,0.813764603689381,
287,C[C@H]1CNCCc2ccc(Cl)cc21,,,,1.1822120104991842,,,,,
288,CCCCc1nc(Cl)c(C[O-])n1Cc1ccc(-c2ccccc2-c2nnn[nH]2)cc1,,,,0.609716037329541,,,,,
289,CN1CCN(C2=Nc3ccccc3Oc3ccc(Cl)cc32)CC1,,,,0.7858072963852223,0.4700354303124136,,,0.58135677566539,
290,Cc1cccc(Nc2ccccc2C(=O)O)c1C,,,,1.895517848302269,,2.042607010444404,,1.979296784337428,
291,CN(C)C(=N)NC(=N)N,,,,-0.3140707835725021,,,,-0.3395865662293907,
292,Cn1cc[nH]c1=S,,,,1.4392568830861094,,,,1.3275264886368412,
293,Cc1cccc(C)c1OCC(C)N,,,,2.138226887422128,,,,,
294,C[C@@H]1C[C@H]2[C@@H]3CCC4=CC(=O)C=C[C@]4(C)[C@@]3(Cl)[C@@H](O)C[C@]2(C)[C@@]1(OC(=O)c1ccco1)C(=O)CCl,,,,-0.2286440575829544,,,0.054477076886366,,
295,CCOC(=O)Nc1ccc2c(c1)N(C(=O)CCN1CCOCC1)c1ccccc1S2,,,,-0.580826575694317,,,,-0.3429664682845847,
296,CCCc1c2oc(C(=O)[O-])cc(=O)c2cc2c(=O)cc(C(=O)[O-])n(CC)c12,,,,1.22728789806677,,1.5785213304107673,,,
297,COC(=O)C1=C(C)NC(C)=C(C(=O)OC)C1c1ccccc1[N+](=O)[O-],,,,0.4191734243056831,,,,0.6570335317154153,
298,CC1(C)NC(=O)N(c2ccc([N+](=O)[O-])c(C(F)(F)F)c2)C1=O,,,,0.1537335852572374,,,,0.1341547864350777,
299,COCCOC(=O)C1=C(C)NC(C)=C(C(=O)OC(C)C)C1c1cccc([N+](=O)[O-])c1,,,,2.0287948486489373,,,,-0.159634229347614,
300,Cc1cc2c(s1)Nc1ccccc1N=C2N1CCN(C)CC1,,,,1.7669761720495345,,,2.520283042863305,1.2192530471993237,1.371019810011224
301,O=C(O)CCc1nc(-c2ccccc2)c(-c2ccccc2)o1,,,,-0.5135529904032274,,-0.6994298760544309,-0.5588982031843198,-0.5588982031843198,
302,CC(C)Oc1ccc(-c2nc(-c3cccc4c3CC[C@@H]4NCCO)no2)cc1C#N,,,,2.5970608283889,,,2.520283042863305,2.520283042863305,
303,CCC1(C)OC(=O)N(C)C1=O,,,,2.054477076886366,,,,,
304,CCC(=O)NS(=O)(=O)c1ccc(-c2c(-c3ccccc3)noc2C)cc1,,,,1.054477076886366,,,,,
305,O=C1c2ccccc2C(=O)C1c1ccccc1,,,,-0.1176132286706288,,,,0.6683421122477874,
306,CCCCC1C(=O)N(c2ccccc2)N(c2ccccc2)C1=O,,,,0.58135677566539,,,,1.334988247719099,
307,O=C(O)c1ccccc1C(=O)Nc1ccc(S(=O)(=O)Nc2nccs2)cc1,,,,-1.1967944747182535,,,,,
308,Cc1ccc(=O)n(-c2ccccc2)c1,,,,-0.79939699513851,,,,,2.194928550955543
309,Nc1cccc2c1C(=O)N(C1CCC(=O)NC1=O)C2=O,,,,1.979296784337428,,,1.918223051535343,,
310,CC(C)NC(=N)NC(=N)Nc1ccc(Cl)cc1,,,,1.8116811091012583,,,,,
311,CC(C)NCC(O)COc1cccc2ccccc12,,,,2.11271110476524,,,,,
312,COCCCOc1ccnc(CS(=O)c2nc3ccccc3[n-]2)c1C,,,,1.288802363820921,1.3993855381138849,,1.1548665635430433,1.2065951801229928,1.1690054346484324
313,CCC(CC)COC(=O)[C@H](C)N[P@](=O)(OC[C@H]1O[C@@](C#N)(c2ccc3c(N)ncnn23)[C@H](O)[C@@H]1O)Oc1ccccc1,,,,0.2888023638209209,,0.3143181464778094,0.8898852262512805,0.2132932470875481,-0.142287662053505
314,NC(=O)c1ncn([C@@H]2O[C@H](CO)[C@@H](O)[C@H]2O)n1,,,,-0.6425102879857156,,2.314318146477809,-0.2562428094269574,-0.2562428094269574,
315,CO[C@H]1/C=C/O[C@@]2(C)Oc3c(C)c(O)c4c(O)c(c(/C=N/N5CCN(C)CC5)c(O)c4c3C2=O)NC(=O)/C(C)=C\C=C\[C@H](C)[C@H](O)[C@@H](C)[C@@H](O)[C@@H](C)[C@H](OC(C)=O)[C@@H]1C,,,,-0.2745335026911212,-0.2877278048250034,,1.6857652435953558,0.1117339758676369,
316,Cc1cc(/C=C/C#N)cc(C)c1Nc1ccnc(Nc2ccc(C#N)cc2)n1,,,,1.1223430341912677,,1.217408133469753,1.491945217579243,,
317,Nc1nc2ccc(OC(F)(F)F)cc2s1,,,,0.2192530471993238,,0.6153481421417907,,0.8898852262512805,0.7079549097623481
318,CCCN(CCC)CCc1cccc2c1CC(=O)N2,,,,1.918223051535343,,,,,
319,NC(=O)c1cn(Cc2c(F)cccc2F)nn1,,,,-0.984866935456601,,,,,
320,N#C[C@@H]1C[C@@H]2C[C@@H]2N1C(=O)[C@@H](N)[C@@]12C[C@@H]3C[C@@H](C[C@@](O)(C3)C1)C2,,,,1.8213130385272864,,,,,
321,C=CC(=O)N1CCN(c2nc(=O)n(-c3c(C)ccnc3C(C)C)c3nc(-c4c(O)cccc4F)c(F)cc23)[C@@H](C)C1,,,,-0.313929120791781,,-0.2355218601578561,,,-0.360704469624227
322,CC(C)(C)C(O)/C=C/c1ccc2c(c1)OCO2,,,,0.8121095024387615,0.9195299420955122,,,,
323,Nc1ccc(S(=O)(=O)Nc2ncccn2)cc1,,,,0.3349882477190991,,,,-0.8882660241323631,
324,Nc1ccc(S(=O)([O-])=Nc2ncccn2)cc1,,,,0.0,,,,0.0,
325,CCc1nnc(NS(=O)(=O)c2ccc(N)cc2)s1,,,,-2.5218270460818237,,,,-2.5377675542340348,
326,Cc1cc(NS(=O)(=O)c2ccc(N)cc2)no1,,,,-1.0212246955126378,,,,,
327,COc1ccc(NS(=O)(=O)c2ccc(N)cc2)nn1,,,,-0.8451334364569566,,,,,
328,Cc1noc(NS(=O)(=O)c2ccc(N)cc2)c1C,,,,-1.1461634321209375,,,,-1.1435641609337508,
329,CC(C(=O)O)c1ccc(C(=O)c2cccs2)cc1,,,,-0.447193427784919,,,,-0.9294219114991196,
330,CCCCCCCCCCNCCN[C@@]1(C)C[C@H](O[C@H]2[C@H](Oc3c4cc5cc3Oc3ccc(cc3Cl)[C@@H](O)[C@@H](NC(=O)[C@@H](CC(C)C)NC)C(=O)N[C@@H](CC(N)=O)C(=O)N[C@H]5C(=O)N[C@H]3C(=O)N[C@H](C(=O)N[C@H](C(=O)O)c5cc(O)c(CNCP(=O)(O)O)c(O)c5-c5cc3ccc5O)[C@H](O)c3ccc(c(Cl)c3)O4)O[C@H](CO)[C@@H](O)[C@@H]2O)O[C@@H](C)[C@H]1O,,,,1.4558965592070243,,,,,
331,C/C(O)=C(\C#N)C(=O)Nc1ccc(C(F)(F)F)cc1,,,,1.6107985191927676,,1.600621337203474,,1.3820981273355957,1.6282765098705798
332,O=C1CCC(N2C(=O)c3ccccc3C2=O)C(=O)N1,,,,-0.1461634321209378,,,,,
333,Cc1cccc(C)c1NC(=O)C(C)N,,,,-0.4049724958780733,,,,,
334,CCOC(=O)[C@H](CCc1ccccc1)N[C@@H](C)C(=O)N1[C@H](C(=O)O)C[C@H]2CCCC[C@@H]21,,,,1.7598528524917516,,,,,
335,CN1C(=O)OC(C)(C)C1=O,,,,-0.2705260745966697,,,,-0.8565043052986075,
336,CC[C@@H]1CN(C(=O)NCC(F)(F)F)C[C@@H]1c1cnc2cnc3[nH]ccc3n12,,,,1.3315339167312927,,,,,
337,Cc1onc(-c2ccccc2)c1-c1ccc(S(N)(=O)=O)cc1,,,,0.6045351887950303,,,,,
338,CC(C)[C@H](N)C(=O)OCC(CO)OCn1cnc2c(=O)[nH]c(N)nc21,,,,-0.4466173336523509,,,,,
339,CCCCC(=O)N(Cc1ccc(-c2ccccc2-c2nnn[nH]2)cc1)[C@H](C(=O)O)C(C)C,,,,0.6045351887950303,,,0.2333721456204686,,
340,N#C[C@H]1CCCN1C(=O)CN[C@@]12C[C@@H]3C[C@@H](C[C@@](O)(C3)C1)C2,,,,0.5076251757869739,,,,,
341,Nc1ccn([C@H]2CC[C@@H](CO)O2)c(=O)n1,,,,1.139683924746581,1.0073807336925662,,1.330000388088391,1.0945801253235294,
342,CSCC[C@@H]1NC(=O)[C@H](CC(C)C)NC(=O)[C@H](CCCNC(=N)N)NC(=O)[C@H](CO)NC(=O)[C@@H]2CSSC[C@@H]3NC(=O)[C@H](CO)NC(=O)CNC(=O)[C@H]([C@@H](C)O)NC(=O)[C@H](CSSC[C@H](N)C(=O)N[C@@H](CCCCN)C(=O)NCC(=O)N[C@@H](CCCCN)C(=O)NCC(=O)N[C@@H](C)C(=O)N[C@@H](CCCCN)C(=O)N2)NC(=O)[C@H](CSSC[C@@H](C(N)=O)NC(=O)[C@H](CCCCN)NC(=O)CNC(=O)[C@H](CO)NC(=O)[C@H](CCCNC(=N)N)NC3=O)NC(=O)[C@H](CC(=O)O)NC(=O)[C@H](Cc2ccc(O)cc2)NC1=O,,,,1.912263251423567,,,,,
343,Cc1cn([C@H]2C[C@H](N=[N+]=[N-])[C@@H](CO)O2)c(=O)[nH]c1=O,,,,-0.1846467615844895,,,1.771065425976395,-0.2064498703404517,
344,CC(c1cc2ccccc2s1)N(O)C(N)=O,,,,1.912263251423567,,,1.8679754389844512,1.8904601426676049,
345,Cc1cc(CC(=O)O)n(C)c1C(=O)c1ccc(Cl)cc1,,,,-0.0804111707768777,,,,-0.3236936183880075,
346,CCc1cc2c(cc1N1CCC(N3CCOCC3)CC1)C(C)(C)c1[nH]c3cc(C#N)ccc3c1C2=O,,,,,-0.0945387361827293,-0.1853584762787442,1.2207775140640411,,-0.1853584762787442
347,COc1cc(N2CCC(N3CCN(C)CC3)CC2)ccc1Nc1ncc(Cl)c(Nc2ccccc2P(C)(C)=O)n1,,,,,0.8017290993131827,0.4126630403029542,-0.121369708261099,,
348,C[C@H](CS)C(=O)N1CCC[C@H]1C(=O)O,,,,,2.0024957986926744,,,2.1851699318400715,
349,OC(O)C(Cl)(Cl)Cl,,,,,0.0,,,,
350,Cl[Cr](Cl)Cl,,,,,0.0,,,,
351,O=C(O)c1cc(-c2ccccc2)nc2ccccc12,,,,,-0.620248630006806,,,-1.2514301943632216,
352,C[C@H](Nc1ncnc2[nH]cnc12)c1cc2cccc(Cl)c2c(=O)n1-c1ccccc1,,,,,0.9754759250729704,1.5677747318682866,1.2634760483374636,,
353,CCCCC[C@H](O)/C=C/[C@H]1[C@H](O)C[C@@H]2O/C(=C\CCCC(=O)[O-])C[C@@H]21,,,,,-4.998572794985449,,,-4.939597296920338,
354,C[C@H]1Oc2cc(cnc2N)-c2c(nn(C)c2C#N)CN(C)C(=O)c2ccc(F)cc21,,,,,0.4700354303124136,0.5871270244784633,,0.58135677566539,
355,C[C@](N)(Cc1ccc(O)c(O)c1)C(=O)O,,,,,-0.6560255180564922,,,-0.7974122479714588,
356,COC(=O)C(c1ccccc1)C1CCCCN1,,,,,0.7642342669840729,,,,0.4558965592070245
357,Clc1ccc(C(c2ccccc2Cl)C(Cl)Cl)cc1,,,,,-1.1543718239928886,-1.0535018842946384,,,
358,CC(C)(O)c1ccccc1CC[C@@H](SCC1(CC(=O)[O-])CC1)c1cccc(/C=C/c2ccc3ccc(Cl)cc3n2)c1,,,,,1.745675046459304,,,,1.6535453453090112
359,O=C1CC[C@@]2(O)[C@H]3Cc4ccc(O)c5c4[C@@]2(CCN3CC2CC2)[C@H]1O5,,,,,0.0,,,,0.1949285509555427
360,O=C1NC(=O)C(c2ccccc2)(c2ccccc2)N1,,,,,1.8012417627682362,1.907786369053441,,1.8121095024387612,
361,O=C1NC([O-])=NC1(c1ccccc1)c1ccccc1,,,,,0.0801898087177444,,,,
362,CCOc1ccc(Cc2cc([C@@H]3O[C@H](SC)[C@@H](O)[C@H](O)[C@H]3O)ccc2Cl)cc1,,,,,0.0164399551035686,,,,
363,Cc1ccc(C(=O)c2cc(O)c(O)c([N+](=O)[O-])c2)cc1,,,,,2.371466244786277,,,-0.0299228979049201,
364,Cc1cc(Nc2ncnc3ccc(NC4=NC(C)(C)CO4)cc23)ccc1Oc1ccn2ncnc2c1,,,,,0.3714662447862771,0.2696281181620498,0.2614008692207122,-0.0516065974765163,-0.0037467048348258
365,O=C(O)COC(=O)Cc1ccccc1Nc1c(Cl)cccc1Cl,,,,,,0.2917627784409182,,,
366,CC(=O)Nc1ccc(O)cc1,,,,,,1.990732782776937,,,1.8015794848062368
367,CCC1(c2ccc(N)cc2)CCC(=O)NC1=O,,,,,,-0.7082372215590818,,,
368,CC(C)c1ccc2oc3nc(N)c(C(=O)O)cc3c(=O)c2c1,,,,,,2.2917627784409182,,0.6871828145609388,
369,CC(C)CN(C[C@@H](O)[C@H](Cc1ccccc1)NC(=O)O[C@H]1CCOC1)S(=O)(=O)c1ccc(N)cc1,,,,,,-0.1853584762787442,-0.6965987275106917,,
370,O=C(O)c1cccc(-c2noc(-c3ccccc3F)n2)c1,,,,,,0.6897027871129559,,,
371,CNC(=O)c1ccccc1Sc1ccc2c(/C=C/c3ccccn3)n[nH]c2c1,,,,,,0.990732782776937,1.081552522872952,0.5830201435534549,
372,CCS(=O)(=O)N1CC(CC#N)(n2cc(-c3ncnc4[nH]ccc34)cn2)C1,,,,,,2.065875554078298,,,
373,CCC[C@@H]1CC(=O)N([C@@H](CC)C(N)=O)C1,,,,,,1.9471750779103871,,,
374,Nc1c(CC(=O)[O-])cccc1C(=O)c1ccc(Br)cc1,,,,,,0.4804812440617553,,,
375,CCC(C)CCCCC(=O)N[C@@H](CCNCS(=O)(=O)[O-])C(=O)N[C@H](C(=O)N[C@@H](CCNCS(=O)(=O)[O-])C(=O)N[C@H]1CCNC(=O)[C@H]([C@@H](C)O)NC(=O)[C@H](CCNCS(=O)(=O)[O-])NC(=O)[C@H](CCNCS(=O)(=O)[O-])NC(=O)[C@H](CC(C)C)NC(=O)[C@@H](CC(C)C)NC(=O)[C@H](CCNCS(=O)(=O)[O-])NC1=O)[C@@H](C)O,,,,,,0.2856725055288767,,,
376,COc1c(OCCCN2CCOCC2)ccc2c1N=C(NC(=O)c1cnc(N)nc1)N1CCN=C21,,,,,,1.2364544828586952,1.2566808146043704,,
377,C[C@]1(COc2ccc(N3CCC(Oc4ccc(OC(F)(F)F)cc4)CC3)cc2)Cn2cc([N+](=O)[O-])nc2O1,,,,,,0.2769532668321907,0.3506297969647408,,0.4453254804756786
378,C[C@H]1c2cccc(O)c2C(=O)C2=C(O)[C@]3(O)C(=O)C(C(N)=O)=C(O)[C@@H](N(C)C)[C@@H]3[C@@H](O)[C@@H]21,,,,,,0.8725903502276114,,,
379,Nc1nc(=O)n([C@@H]2CS[C@H](CO)O2)cc1F,,,,,,0.6646847448763431,0.3966961468823628,,
380,CN1CCN(c2ccc(C(=O)Nc3n[nH]c4ccc(Cc5cc(F)cc(F)c5)cc34)c(NC3CCOCC3)c2)CC1,,,,,,0.1875634901566805,,,
381,Cc1cnc(Nc2ccc(OCCN3CCCC3)cc2)nc1Nc1cccc(S(=O)(=O)NC(C)(C)C)c1,,,,,,0.4549416130885264,,,
382,CCOC(=O)C1=C(C)NC(C)=C(C(=O)OC)C1c1cccc(Cl)c1Cl,,,,,,1.7559716087525077,,,
383,CC1(C)S[C@@H]2[C@H](N3C(=O)[C@@H](c4ccccc4)NC3(C)C)C(=O)N2[C@H]1C(=O)O,,,,,,-0.1016237101439871,,,
384,NC(=O)NO,,,,,,1.1202250394723692,,,
385,NNC(=O)c1ccncc1,,,,,,-0.180804956191612,,,
386,CCCCC(F)(F)[C@@]1(O)CC[C@H]2[C@@H](CC(=O)[C@@H]2CCCCCCC(=O)O)O1,,,,,,1.1703912997064856,,,
387,N[C@@H](Cc1ccc(N(CCCl)CCCl)cc1)C(=O)O,,,,,,1.468575742716685,,,
388,C[N+]1(CC2CC2)CC[C@]23c4c5ccc(O)c4O[C@H]2C(=O)CC[C@@]3(O)[C@H]1C5,,,,,,1.6454681200413803,,,
389,CCN(CC)CCNC(=O)c1cc(Cl)c(N)cc1OC,,,,,,1.1225893747610427,,0.90155775636456,
390,CCCCCCCCCCCCCCCCOP(=O)([O-])OCC[N+](C)(C)C,,,,,,0.423619370425024,0.5065771833344567,0.5036177476925223,
391,Nc1nc(CC(=O)Nc2ccc(CCNC[C@H](O)c3ccccc3)cc2)cs1,,,,,,0.7246493660890052,,,0.5143232427515293
392,[N]=O,,,,,,1.0259056786174523,1.445719377217731,1.6976982670836545,
393,FC(F)(F)c1ccc(CNc2ccc(Cc3c[nH]c4ncc(Cl)cc34)cn2)cn1,,,,,,-0.3932436266105406,,,-0.3279501943247948
394,COc1ccc(OC)c(Cc2cnc3nc(N)nc(N)c3c2C)c1,,,,,,1.907786369053441,,,
395,CO[C@]1(C(=O)N[C@@H](C)c2ccc(-n3cc(F)cn3)nc2)CC[C@H](c2nc(C)cc(Nc3cc(C)[nH]n3)n2)CC1,,,,,,0.0132881508138282,-0.0909804845531821,,
396,COc1ccc(CN2C3CC2CN(c2ccc(-c4cc(OCC(C)(C)O)cn5ncc(C#N)c45)cn2)C3)cn1,,,,,,0.5426293902257875,,,
397,CC[C@H](C)[C@H](NC(=O)[C@H](CCC(=O)O)NC(=O)[C@H](CO)NC(=O)[C@@H](NC(=O)[C@@H](N)CO)C(C)C)C(=O)N[C@@H](CCC(N)=O)C(=O)N[C@@H](CC(C)C)C(=O)N[C@@H](CCSC)C(=O)N[C@@H](Cc1c[nH]cn1)C(=O)N[C@@H](CC(N)=O)C(=O)N[C@@H](CC(C)C)C(=O)NCC(=O)N[C@@H](CCCCN)C(=O)N[C@@H](Cc1c[nH]cn1)C(=O)N[C@@H](CC(C)C)C(=O)N[C@@H](CC(N)=O)C(=O)N[C@@H](CO)C(=O)N[C@@H](CCSC)C(=O)N[C@@H](CCC(=O)O)C(=O)N[C@@H](CCCNC(=N)N)C(=O)N[C@H](C(=O)N[C@@H](CCC(=O)O)C(=O)N[C@@H](Cc1c[nH]c2ccccc12)C(=O)N[C@@H](CC(C)C)C(=O)N[C@@H](CCCNC(=N)N)C(=O)N[C@@H](CCCCN)C(=O)N[C@@H](CCCCN)C(=O)N[C@@H](CC(C)C)C(=O)N[C@@H](CCC(N)=O)C(=O)N[C@@H](CC(=O)O)C(=O)N[C@H](C(=O)N[C@@H](Cc1c[nH]cn1)C(=O)N[C@@H](CC(N)=O)C(=O)N[C@@H](Cc1ccccc1)C(=O)O)C(C)C)C(C)C,,,,,,1.445719377217731,,,
398,CO[C@H]1C[C@H](O[C@@H]2[C@@H](C)C(=O)O[C@H](C)[C@H](C)[C@H](OC(C)=O)[C@@H](C)C(=O)[C@]3(CO3)C[C@H](C)[C@H](O[C@@H]3O[C@H](C)C[C@H](N(C)C)[C@H]3OC(C)=O)[C@H]2C)O[C@@H](C)[C@@H]1OC(C)=O,,,,,,2.14468938155375,,-1.7016023453128644,
399,CCCS(=O)(=O)Nc1ccc(F)c(C(=O)c2c[nH]c3ncc(-c4ccc(Cl)cc4)cc23)c1F,,,,,,-0.2355218601578561,-0.2938362821893212,,-0.5088966831547318
400,CCN(C(C)=O)c1cccc(-c2ccnc3c(C#N)cnn23)c1,,,,,,1.4981174911138702,,,
401,Nc1ccncc1N,,,,,,,0.4572129704206003,0.4572129704206003,
402,C[C@@H]1CC[C@H]2[C@@H](C)[C@@H](OC(=O)CCC(=O)O)O[C@@H]3O[C@@]4(C)CC[C@@H]1[C@@]23OO4,,,,,,,2.081552522872952,1.5830201435534548,
403,Nc1ncn([C@@H]2O[C@H](CO)[C@@H](O)[C@H]2O)c(=O)n1,,,,,,,0.2064912594812518,,
404,CCOC(=O)[C@H](CCc1ccccc1)N[C@H]1CCc2ccccc2N(CC(=O)O)C1=O,,,,,,,1.081552522872952,,
405,CC(C)(C)NC(=O)N[C@H](C(=O)N1C[C@H]2[C@@H]([C@H]1C(=O)NC(CC1CCC1)C(=O)C(N)=O)C2(C)C)C(C)(C)C,,,,,,,-0.6965987275106917,,
406,CS(=O)(=O)OCCCCOS(C)(=O)=O,,,,,,,1.5318428055142446,1.806336020525388,
407,CSCCNc1nc(SCCC(F)(F)F)nc2c1ncn2[C@@H]1O[C@H](COP(=O)([O-])OP(=O)([O-])C(Cl)(Cl)P(=O)([O-])[O-])[C@@H](O)[C@H]1O,,,,,,,-3.636345250787638,,
408,COc1ccccc1OCCNCC(O)COc1cccc2[nH]c3ccccc3c12,,,,,,,1.5677747318682866,,
409,CC(C)(O/N=C(\C(=O)N[C@@H]1C(=O)N2C(C(=O)[O-])=C(C[n+]3ccccc3)CS[C@H]12)c1csc(N)n1)C(=O)O,,,,,,,1.5855034988287182,,
410,Nc1nc(Cl)nc2c1ncn2[C@@H]1O[C@H](CO)[C@@H](O)[C@@H]1F,,,,,,,0.3975130164733292,,
411,CC(C)c1nc(CN(C)C(=O)N[C@@H](CCN2CCOCC2)C(=O)N[C@H](CC[C@H](Cc2ccccc2)NC(=O)OCc2cncs2)Cc2ccccc2)cs1,,,,,,,0.5277475868909083,0.5702642170839786,
412,CCCCCCCCCC(=O)N[C@@H](Cc1c[nH]c2ccccc12)C(=O)N[C@@H](CC(N)=O)C(=O)N[C@@H](CC(=O)O)C(=O)N[C@@H]1C(=O)NCC(=O)N[C@@H](CCCN)C(=O)N[C@@H](CC(=O)O)C(=O)N[C@@H](C)C(=O)N[C@@H](CC(=O)O)C(=O)NCC(=O)N[C@H](CO)C(=O)N[C@@H]([C@H](C)CC(=O)O)C(=O)N[C@@H](CC(=O)c2ccccc2N)C(=O)O[C@@H]1C,,,,,,,1.8735085422450783,0.905885787102876,
413,CN(C)CC/C=C1/c2ccccc2COc2ccccc21,,,,,,,1.806660372652929,1.8556998217388565,
414,COc1cc2c(cc1Cc1cccc(Cl)c1F)c(=O)c(C(=O)O)cn2[C@H](CO)C(C)C,,,,,,,0.5216348834906627,,
415,CN(C)[C@@H]1C(O)=C(C(N)=O)C(=O)[C@@]2(O)C(O)=C3C(=O)c4c(O)c(NC(=O)CN5CCCC5)cc(F)c4C[C@H]3C[C@@H]12,,,,,,,1.6185448964987192,,
416,CC(=O)OCC(CCn1cnc2cnc(N)nc21)COC(C)=O,,,,,,,-0.177335120845356,-0.7963398890624872,
417,CCc1c(Cl)c(O)c(Cl)c(O)c1C(=O)O[C@H]1[C@H](O)[C@H](OC)[C@H](OC/C2=C\C=C\C[C@H](O)/C(C)=C/[C@H](CC)[C@@H](O[C@@H]3OC(C)(C)[C@@H](OC(=O)C(C)C)[C@H](O)[C@@H]3O)/C(C)=C/C(C)=C/C[C@@H]([C@@H](C)O)OC2=O)O[C@@H]1C,,,,,,,-0.014932966849499,,
418,CO[C@H]1O[C@H](COS(=O)(=O)[O-])[C@@H](O[C@@H]2O[C@@H](C(=O)[O-])[C@@H](O[C@H]3O[C@H](COS(=O)(=O)[O-])[C@@H](O[C@@H]4O[C@H](C(=O)[O-])[C@@H](O[C@H]5O[C@H](COS(=O)(=O)[O-])[C@@H](O)[C@H](O)[C@H]5NS(=O)(=O)[O-])[C@H](O)[C@H]4O)[C@H](OS(=O)(=O)[O-])[C@H]3NS(=O)(=O)[O-])[C@H](O)[C@H]2OS(=O)(=O)[O-])[C@H](O)[C@H]1NS(=O)(=O)[O-],,,,,,,1.928904621014154,,
419,COc1cccc(N2CCN(C3=Nc4c(F)cccc4[C@H](CC(=O)O)N3c3cc(C(F)(F)F)ccc3OC)CC2)c1,,,,,,,-0.2897662460190134,,
420,CC#CCn1c(N2CCC[C@@H](N)C2)nc2c1c(=O)n(Cc1nc(C)c3ccccc3n1)c(=O)n2C,,,,,,,1.6925049870205549,2.0442135250676547,
421,CN(C)C(=O)C(CCN1CCC(O)(c2ccc(Cl)cc2)CC1)(c1ccccc1)c1ccccc1,,,,,,,1.703666386397516,1.8400935424117304,
422,COc1ccc2[nH]cc(CCNC(C)=O)c2c1,,,,,,,2.3057263777254784,,
423,Cc1cc(OP(=O)([O-])[O-])c2ccccc2c1OP(=O)([O-])[O-],,,,,,,0.0,,
424,CC1(S(=O)(=O)[O-])CC(=O)c2ccccc2C1=O,,,,,,,1.8878051539467,,
425,C[C@]1(O)CC[C@H]2[C@@H]3CCC4=CC(=O)CC[C@]4(C)[C@H]3CC[C@@]21C,,,,,,,1.5970608283888998,1.5036177476925223,
426,CO[C@@H]1[C@H](N(C)C(=O)c2ccccc2)C[C@H]2O[C@]1(C)n1c3ccccc3c3c4c(c5c6ccccc6n2c5c31)C(=O)NC4,,,,,,,0.5970608283889,0.8046477433565036,
427,CO[C@@H]1[C@@H](OC(N)=O)[C@@H](O)[C@H](Oc2ccc3c([O-])c(NC(=O)c4ccc(O)c(CC=C(C)C)c4)c(=O)oc3c2C)OC1(C)C,,,,,,,-0.2532506271182878,-0.479716957136695,
428,CCN1C(=O)N(c2c(F)c(OC)cc(OC)c2F)Cc2cnc3[nH]c(CN4CCOCC4)cc3c21,,,,,,,1.8213130385272864,,
429,O=[N+]([O-])c1cn2c(n1)OC[C@@H](OCc1ccc(OC(F)(F)F)cc1)C2,,,,,,,0.2100495111107991,0.2065951801229927,
430,CCC(=O)NCC[C@@H]1CCc2ccc3c(c21)CCO3,,,,,,,1.067700721504111,,
431,CCn1c(=O)c(-c2cc(NC(=O)Nc3ccccc3)c(F)cc2Br)cc2cnc(NC)cc21,,,,,,,0.7137939671955993,0.7137939671955993,
432,O=C([O-])CCCO,,,,,,,-1.0643572831880443,,
433,CC(C)OC(=O)[C@H](C)NP(=O)(OC[C@H]1O[C@@H](n2ccc(=O)[nH]c2=O)[C@](C)(F)[C@@H]1O)Oc1ccccc1,,,,,,,0.2878252349233181,,
434,CCC[C@H](NC(=O)[C@@H]1[C@H]2CCC[C@H]2CN1C(=O)[C@@H](NC(=O)[C@@H](NC(=O)c1cnccn1)C1CCCCC1)C(C)(C)C)C(=O)C(=O)NC1CC1,,,,,,,2.2045983478154456,,
435,CCCSc1nc(N[C@@H]2C[C@H]2c2ccc(F)c(F)c2)c2nnn([C@@H]3C[C@H](OCCO)[C@@H](O)[C@H]3O)c2n1,,,,,,,2.35251534964503,1.3346394929540246,
436,O=P([O-])(O)C(Sc1ccc(Cl)cc1)P(=O)([O-])O,,,,,,,0.7791038431983006,,
437,O=c1n(CCCN2CCN(c3cccc(Cl)c3)CC2)nc2ccccn12,,,,,,,0.6356694886180058,-0.4305355730263264,
438,CC1(C)O[C@@H]2C[C@H]3[C@@H]4CCC5=CC(=O)C=C[C@]5(C)[C@@]4(F)[C@@H](O)C[C@]3(C)[C@]2(C(=O)CO)O1,,,,,,,0.4374921282763934,,
439,CC1(C)CCC(CN2CCN(c3ccc(C(=O)NS(=O)(=O)c4ccc(NCC5CCOCC5)c([N+](=O)[O-])c4)c(Oc4cnc5[nH]ccc5c4)c3)CC2)=C(c2ccc(Cl)cc2)C1,,,,,,,-0.2060141569606014,,
440,C=CC(=O)N1CCC([C@@H]2CCNc3c(C(N)=O)c(-c4ccc(Oc5ccccc5)cc4)nn32)CC1,,,,,,,-0.0351145480074923,,
441,C[C@H]1O[C@H](O[C@@H]2[C@@H](CO)O[C@H](O[C@@H]3[C@@H](CO)OC(O)[C@H](O)[C@H]3O)[C@H](O)[C@H]2O)[C@H](O)[C@@H](O)[C@@H]1N[C@H]1C=C(CO)[C@@H](O)[C@H](O)[C@H]1O,,,,,,,,0.6338776442170828,
442,NS(=O)(=O)c1cc2c(cc1Cl)N=C(CSCc1ccccc1)NS2(=O)=O,,,,,,,,0.1736203458915927,
443,C=CCc1cc(-c2cc(CC=C)c(O)c(CN(CC)CC)c2)cc(CN(CC)CC)c1O,,,,,,,,2.363654749212362,
444,CCCC1O[C@@H]2C[C@H]3[C@@H]4CCC5=CC(=O)C=C[C@]5(C)[C@H]4[C@@H](O)C[C@]3(C)[C@]2(C(=O)CO)O1,,,,,,,,2.011472231101,
445,CCOC(=O)n1ccn(C)c1=S,,,,,,,,1.1043547883952531,
446,NC(=O)N[C@@H](CCC(=O)O)C(=O)O,,,,,,,,0.2537197839566844,
447,CO[C@@]1(NC(=O)Cc2cccs2)C(=O)N2C(C(=O)[O-])=C(COC(N)=O)CS[C@@H]21,,,,,,,,0.7485698056367784,
448,CO/N=C(/C(=O)N[C@@H]1C(=O)N2C(C(=O)[O-])=C(CSc3nc(=O)c(O)nn3C)CS[C@H]12)c1csc(N)n1,,,,,,,,1.0495998013007597,
449,CO/N=C(\C(=O)N[C@@H]1C(=O)N2C(C(=O)OC(C)OC(C)=O)=C(COC(N)=O)CS[C@H]12)c1ccco1,,,,,,,,-0.3483402073712779,
450,C[C@H](CCC(=O)O)[C@H]1CC[C@H]2[C@H]3[C@H](CC[C@@]21C)[C@@]1(C)CC[C@@H](O)C[C@H]1C[C@H]3O,,,,,,,,1.7485698056367784,
451,C[C@H](CCC(=O)O)[C@H]1CC[C@H]2[C@H]3[C@H](C[C@H](O)[C@@]21C)[C@@]1(C)CC[C@@H](O)C[C@H]1C[C@H]3O,,,,,,,,1.4755685335730409,
452,COc1cc2c(c(OC)c1OC)-c1ccc(OC)c(=O)cc1[C@@H](NC(C)=O)CC2,,,,,,,,2.047385471803641,1.968204225756016
453,CN1CCC(=C2c3ccccc3C=Cc3ccccc32)CC1,,,,,,,,1.6671742300920351,
454,Nc1ccncc1,,,,,,,,1.4453254804756783,
455,CCC(=O)O[C@](Cc1ccccc1)(c1ccccc1)[C@H](C)CN(C)C,,,,,,,,1.9399583169729984,
456,CC[C@H]1OC(=O)[C@H](C)[C@@H](O[C@H]2C[C@@](C)(OC)[C@@H](O)[C@H](C)O2)[C@H](C)[C@@H](O[C@@H]2O[C@H](C)C[C@H](N(C)C)[C@H]2O)[C@](C)(O)C[C@@H](C)[C@@H]2N[C@@H](COCCOC)O[C@H]([C@H]2C)[C@]1(C)O,,,,,,,,2.2495725457541105,
457,CCN(CC)C(=S)SSC(=S)N(CC)CC,,,,,,,,0.1785870577483554,
458,CC(=O)[C@H]1CC[C@H]2[C@@H]3C=CC4=CC(=O)CC[C@@]4(C)[C@@H]3CC[C@]12C,,,,,,,,1.4577598130668188,
459,C[C@@H](O)[C@H]1C(=O)N2C(C(=O)O)=C(S[C@@H]3CN[C@H](C(=O)Nc4cccc(C(=O)[O-])c4)C3)[C@H](C)[C@H]12,,,,,,,,-0.258356059544751,
460,CC[C@H]1OC(=O)[C@H](C)[C@@H](O[C@H]2C[C@@](C)(OC)[C@@H](O)[C@H](C)O2)[C@H](C)[C@@H](O[C@@H]2O[C@H](C)C[C@H](N(C)C)[C@H]2O)[C@](C)(O)C[C@@H](C)C(=O)[C@H](C)[C@@H](O)[C@]1(C)O,,,,,,,,-0.258356059544751,
461,C=C(CC)C(=O)c1ccc(OCC(=O)O)c(Cl)c1Cl,,,,,,,,0.970950934345424,
462,CCN(CC)CCN1C(=O)CN=C(c2ccccc2F)c2cc(Cl)ccc21,,,,,,,,1.6016001196095504,
463,CCC(=O)O[C@]1(C(=O)SCF)[C@H](C)C[C@H]2[C@@H]3C[C@H](F)C4=CC(=O)C=C[C@]4(C)[C@@]3(F)[C@@H](O)C[C@@]21C,,,,,,,,-0.620248630006806,
464,NCC1(CC(=O)O)CCCCC1,,,,,,,,-0.875521135110112,
465,CN(C)CCCN1c2ccccc2CCc2ccccc21,,,,,,,,-0.1400815147992842,
466,N[C@@H](C(=O)N[C@@H]1C(=O)N2C(C(=O)O)=C(Cl)CC[C@H]12)c1ccccc1,,,,,,,,0.4421535337396925,
467,CCCNS(=O)(=O)Nc1ncnc(OCCOc2ncc(Br)cn2)c1-c1ccc(Br)cc1,,,,,,,,1.58135677566539,1.4558965592070243
468,CN1CCc2c(c3ccccc3n2Cc2ccccc2)C1,,,,,,,,0.8823867713293712,
469,CCC(C)C(C)(COC(N)=O)COC(N)=O,,,,,,,,1.58135677566539,
470,C[C@]12C=CC(=O)C=C1CC[C@@H]1[C@@H]2CC[C@@]2(C)[C@H]1CC[C@]2(C)O,,,,,,,,1.894958166345988,
471,CN1C(CCl)Nc2cc(Cl)c(S(N)(=O)=O)cc2S1(=O)=O,,,,,,,,1.5036177476925223,
472,CCc1c(C)[nH]c2c1C(=O)C(CN1CCOCC1)CC2,,,,,,,,0.6112760411547402,
473,CCCCCCCC(=O)OCC(O)CO,,,,,,,,1.6112760411547402,
474,COc1ccc2cc([C@H](C)C(=O)O)ccc2c1,,,,,,,,-0.3887239588452598,
475,CC(C)[C@H]1CC[C@H](C(=O)N[C@H](Cc2ccccc2)C(=O)O)CC1,,,,,,,,0.5320947951071154,
476,O=C(O)c1cccnc1,,,,,,,,-2.2338219988595167,
477,CS(=O)(=O)Nc1ccc([N+](=O)[O-])cc1Oc1ccccc1,,,,,,,,0.310246045490759,
478,CC[C@]1(O)CC[C@H]2[C@@H]3CCC4=CC(=O)CC[C@@H]4[C@H]3CC[C@@]21C,,,,,,,,0.9182230515353428,
479,C#C[C@]1(O)CC[C@H]2[C@@H]3CCC4=CC(=O)CC[C@@H]4[C@H]3CC[C@@]21C,,,,,,,,1.8213130385272864,
480,CNCCC=C1c2ccccc2CCc2ccccc21,,,,,,,,0.3441917838076238,
481,CO[C@H]1[C@@H](OC(N)=O)[C@@H](O)[C@H](Oc2ccc3c([O-])c(NC(=O)c4ccc(O)c(CC=C(C)C)c4)c(=O)oc3c2C)OC1(C)C,,,,,,,,1.742131792479661,
482,CN(C)CC/C=C1/c2ccccc2COc2ccc(CC(=O)O)cc21,,,,,,,,1.8213130385272864,
483,CCCCC1C(=O)N(c2ccccc2)N(c2ccc(O)cc2)C1=O,,,,,,,,0.5202830428633051,
484,Cc1nc2n(c(=O)c1CCN1CCC(c3noc4cc(F)ccc34)CC1)CCCC2O,,,,,,,,1.4411017968156803,
485,CCCCCCCCCCCCCCCC(=O)O[C@@H]1CCCn2c1nc(C)c(CCN1CCC(c3noc4cc(F)ccc34)CC1)c2=O,,,,,,,,0.645221779471605,
486,COc1ccc(Cc2nccc3cc(OC)c(OC)cc23)cc1OC,,,,,,,,-0.2578682075203386,
487,CO[C@H](C(=O)[C@@H](O)[C@@H](C)O)[C@@H]1Cc2cc3cc(O[C@H]4C[C@@H](O[C@H]5C[C@@H](O)[C@H](O)[C@@H](C)O5)[C@H](O)[C@@H](C)O4)c(C)c(O)c3c(O)c2C(=O)[C@H]1O[C@H]1C[C@@H](O[C@H]2C[C@@H](O[C@H]3C[C@](C)(O)[C@H](O)[C@@H](C)O3)[C@@H](O)[C@@H](C)O2)[C@H](O)[C@@H](C)O1,,,,,,,,-1.8868605018972573,
488,CNCCCC1c2ccccc2C=Cc2ccccc21,,,,,,,,0.9055651844590116,
489,Cc1ncc(CSSCc2cnc(C)c(O)c2CO)c(CO)c1O,,,,,,,,2.507625175786974,
490,C[C@@H](NCCc1ccc(O)cc1)[C@@H](O)c1ccc(O)cc1,,,,,,,,1.345817181901005,
491,CCCN(CCc1cccs1)[C@H]1CCc2c(O)cccc2C1,,,,,,,,1.6346127211479744,
492,C[C@H](Cc1cc2c(c(C(N)=O)c1)N(CCCO)CC2)NCCOc1ccccc1OCC(F)(F)F,,,,,,,,1.986795239259337,
493,C[C@]12Cc3cn[nH]c3C[C@@H]1CC[C@@H]1[C@@H]2CC[C@@]2(C)[C@H]1CC[C@]2(C)O,,,,,,,,2.044787186237024,
494,Nc1ccc(S(=O)(=O)Nc2ccc(Cl)nn2)cc1,,,,,,,,2.2878252349233184,
495,Cc1ccnc(NS(=O)(=O)c2ccc(N)cc2)n1,,,,,,,,-0.2821814294871648,
496,Cc1cc(NS(=O)(=O)c2ccc(N)cc2)nc(C)n1,,,,,,,,0.0801338388622817,
497,O=S([O-])CNc1ccc(S(=O)(=O)c2ccc(NCS(=O)[O-])cc2)cc1,,,,,,,,-0.5448458643850634,
498,Nc1nc2nc[nH]c2c(=S)[nH]1,,,,,,,,0.9261661716858712,
499,CC(S)C(=O)NCC(=O)O,,,,,,,,2.033609497290043,
500,Cc1nnc2n1-c1ccc(Cl)cc1C(c1ccccc1Cl)=NC2,,,,,,,,0.7455556860293548,
501,C[C@H](CCC(=O)O)[C@H]1CC[C@H]2[C@@H]3[C@@H](O)C[C@@H]4C[C@H](O)CC[C@]4(C)[C@H]3CC[C@@]21C,,,,,,,,0.0945801253235294,
502,O=c1ccc2ccc(OCCCCN3CCN(c4cccc5sccc45)CC3)cc2[nH]1,,,,,,,,,1.975923271168209
503,CO[C@@]12CC[C@]3(C[C@@H]1[C@](C)(O)C(C)(C)C)[C@H]1Cc4ccc(O)c5c4[C@@]3(CCN1CC1CC1)[C@H]2O5,,,,,,,,,0.1008620077765094
504,COC(=O)/C=C/C(=O)OCCN1C(=O)CCC1=O,,,,,,,,,0.0600073905328796
505,N#Cc1ccnc(N2C(=O)CC[C@H]2C(=O)N(c2cncc(F)c2)[C@H](C(=O)NC2CC(F)(F)C2)c2ccccc2Cl)c1,,,,,,,,,-0.0922136309465593
506,COC(=O)/C=C/C(=O)O,,,,,,,,,0.322701213857075
507,CN1CC(=O)N2[C@H](Cc3c([nH]c4ccccc34)[C@H]2c2ccc3c(c2)OCO3)C1=O,,,,,,,,,1.7744045455488178
508,CS(=O)(=O)c1ccc(C(=O)Nc2ccc(Cl)c(-c3ccccn3)c2)c(Cl)c1,,,,,,,,,0.2972832908291553
